school,gender,age,residence,parental_education,family_income,studytime,failures,internet_access,part_time_job,extracurriculars,mobile_addiction,screen_time,sleep_hours,mental_health_score,attendance_rate,parental_support,travel_time,peer_influence,G1,G2,G3
CD,Male,18,Rural,Higher,2976,4,3,yes,yes,no,low,5.9,7.4,1,97.8,yes,2,low,19,11,14
CD,Other,19,Rural,Higher,2212,3,3,yes,no,yes,high,6.6,6.6,1,88.47,no,2,medium,6,15,8
CD,Other,15,Suburban,Secondary,4303,2,3,yes,no,yes,high,7.5,7.0,6,66.48,no,3,low,11,3,5
AB,Female,16,Suburban,Primary,16688,3,1,yes,no,yes,moderate,10.5,4.8,9,67.89,no,1,low,9,8,5
CD,Female,15,Rural,PhD,5043,2,3,yes,yes,yes,low,9.6,6.9,5,92.5,no,2,low,5,2,4
AB,Female,16,Urban,None,13302,2,3,yes,no,no,high,2.9,4.4,7,90.92,no,3,medium,4,16,4
AB,Female,19,Urban,Secondary,16540,2,1,yes,no,no,high,9.2,9.8,1,96.37,yes,1,medium,17,6,12
AB,Other,19,Rural,Primary,5423,2,1,yes,yes,no,high,10.2,9.0,2,74.29,no,4,high,6,20,11
CD,Other,15,Suburban,PhD,18333,3,0,yes,yes,yes,moderate,7.3,9.8,4,95.87,yes,2,low,18,17,19
AB,Other,18,Suburban,Higher,12128,1,0,yes,yes,no,high,6.6,7.2,6,91.86,yes,2,low,11,0,4
CD,Other,16,Rural,PhD,12644,3,1,yes,no,yes,high,11.2,8.1,1,63.92,yes,2,high,5,9,4
CD,Other,16,Rural,None,4052,4,3,no,no,yes,moderate,6.8,7.3,2,80.6,yes,2,medium,14,10,13
AB,Female,18,Suburban,PhD,19830,2,2,no,yes,no,moderate,2.6,6.8,1,72.46,yes,1,low,7,12,10
CD,Male,20,Suburban,Secondary,19213,4,0,yes,yes,no,high,6.4,7.3,3,70.64,yes,4,low,6,17,8
CD,Male,14,Urban,Higher,16685,3,2,yes,yes,no,moderate,10.2,7.2,5,76.96,yes,4,high,19,0,9
CD,Female,18,Urban,Primary,13856,3,0,no,no,yes,low,5.4,5.8,2,78.5,no,3,low,20,7,12
CD,Female,15,Urban,Secondary,11519,3,3,yes,yes,yes,high,6.2,7.7,7,61.37,yes,1,low,5,4,6
AB,Female,16,Urban,None,12289,3,3,no,no,no,high,10.5,9.2,2,73.42,no,2,low,9,14,7
CD,Female,20,Rural,None,6802,2,1,yes,no,yes,moderate,7.6,4.5,4,83.5,yes,1,high,18,12,17
CD,Female,18,Rural,Secondary,9409,4,2,no,yes,no,high,1.2,5.5,2,66.01,no,3,high,14,8,13
AB,Female,17,Suburban,Primary,17990,4,3,no,no,no,high,9.5,5.5,6,63.23,no,2,low,8,20,9
CD,Male,17,Urban,Higher,7205,1,0,no,yes,no,high,10.1,8.4,7,93.25,yes,1,low,7,20,9
AB,Other,16,Urban,Higher,10773,4,0,yes,no,no,low,5.7,4.3,9,72.9,no,3,low,14,3,10
CD,Male,14,Urban,None,11376,3,1,no,yes,no,moderate,1.9,5.3,3,64.83,no,1,medium,6,6,4
AB,Female,19,Rural,Higher,5606,1,2,yes,no,no,low,3.2,6.3,10,63.2,yes,3,low,9,13,10
AB,Male,19,Urban,Higher,4063,4,3,yes,no,no,high,4.3,8.6,8,95.52,no,4,high,16,14,9
AB,Female,20,Suburban,None,8192,4,2,no,no,no,low,2.3,4.3,7,84.74,yes,1,medium,14,18,12
AB,Other,17,Rural,PhD,6490,3,1,yes,yes,yes,high,2.0,7.9,8,87.7,no,3,high,9,5,7
AB,Female,14,Rural,None,15997,3,1,no,yes,no,high,11.0,8.3,5,95.63,no,1,medium,1,1,4
AB,Other,14,Suburban,Primary,13328,3,2,no,yes,yes,high,8.2,8.6,8,90.32,yes,4,high,10,19,14
CD,Female,14,Suburban,Secondary,14568,2,2,yes,yes,no,low,9.6,4.4,6,91.05,yes,1,medium,9,14,9
CD,Female,20,Suburban,Higher,2213,4,0,no,yes,yes,low,5.9,5.4,10,60.78,yes,4,medium,4,12,10
CD,Female,16,Urban,Secondary,17053,4,0,no,no,no,high,10.7,4.1,6,90.78,no,1,low,5,17,9
CD,Other,20,Suburban,Primary,12867,4,3,no,yes,yes,moderate,6.6,7.4,4,93.16,yes,1,high,6,18,13
AB,Male,19,Urban,PhD,18353,3,1,no,yes,no,high,5.8,9.8,7,91.89,yes,1,high,5,18,9
CD,Female,16,Rural,None,12334,3,0,yes,yes,no,high,8.7,9.2,6,98.68,yes,2,medium,1,19,8
CD,Male,17,Urban,None,5258,1,0,yes,yes,yes,high,11.1,9.4,5,94.09,yes,4,low,9,8,8
AB,Female,17,Urban,Higher,11800,1,0,no,no,yes,moderate,2.1,4.2,6,98.1,no,3,high,18,14,13
CD,Male,15,Rural,Secondary,13632,2,2,yes,yes,yes,low,10.3,4.6,7,75.08,no,4,high,15,2,10
AB,Male,19,Urban,Secondary,10739,4,3,no,yes,yes,low,5.9,6.2,8,65.45,yes,4,low,11,9,8
AB,Other,20,Urban,None,16795,3,0,no,yes,yes,high,7.4,7.2,4,80.06,yes,4,high,20,20,20
AB,Other,19,Rural,PhD,16852,4,0,yes,no,no,high,1.3,8.7,4,77.86,yes,3,medium,17,11,13
CD,Male,15,Rural,None,14042,2,2,no,no,no,moderate,6.7,4.5,5,89.31,yes,2,medium,2,20,8
AB,Female,17,Suburban,None,16511,2,2,yes,no,yes,low,9.0,8.0,8,89.33,yes,3,high,5,6,7
CD,Other,16,Urban,Higher,5598,4,2,yes,no,no,high,7.6,4.3,8,74.49,no,1,high,4,9,3
CD,Male,16,Rural,Primary,14686,4,2,yes,yes,yes,low,2.4,4.4,7,60.12,yes,2,low,18,11,13
AB,Other,15,Urban,Secondary,3567,2,1,yes,yes,no,high,3.0,7.7,9,74.0,no,3,medium,11,18,11
CD,Male,18,Suburban,Secondary,18127,1,1,no,yes,yes,moderate,4.2,5.7,4,67.02,no,3,medium,13,11,8
CD,Female,20,Rural,None,10006,1,2,no,no,no,high,6.4,4.2,6,68.52,yes,4,low,12,14,14
CD,Male,15,Rural,Higher,9993,3,0,yes,yes,no,high,3.2,5.3,9,77.53,no,1,low,10,0,4
CD,Female,14,Rural,Higher,14708,3,2,no,yes,no,low,8.0,8.5,6,95.66,yes,2,high,10,13,8
CD,Female,16,Rural,None,18418,3,0,no,yes,yes,low,4.5,7.8,4,99.51,yes,4,high,0,5,0
AB,Male,20,Rural,Primary,6118,4,2,no,no,no,high,6.9,7.7,10,99.89,yes,2,low,11,14,7
AB,Female,15,Suburban,Primary,7983,2,0,no,yes,no,low,10.4,5.7,9,73.33,yes,2,high,20,6,15
AB,Male,17,Rural,None,10326,3,2,yes,yes,yes,moderate,11.7,9.1,4,98.33,yes,1,medium,13,17,15
CD,Female,18,Suburban,Secondary,16344,2,2,no,yes,no,moderate,9.1,7.4,7,67.32,no,3,low,9,11,15
CD,Male,17,Suburban,Secondary,11894,3,2,yes,no,no,low,2.1,5.0,4,68.91,no,2,high,19,15,16
AB,Other,15,Suburban,Secondary,16507,4,3,yes,yes,no,high,6.8,9.1,9,81.51,yes,3,low,20,9,20
AB,Other,20,Suburban,None,4551,4,2,yes,yes,no,low,4.8,10.0,8,83.5,no,2,medium,11,7,7
AB,Other,16,Suburban,PhD,12006,3,2,no,no,yes,high,5.0,5.1,4,88.09,yes,3,high,7,8,3
CD,Male,18,Suburban,Primary,10952,4,2,yes,no,yes,moderate,1.2,4.6,8,68.93,yes,3,medium,12,20,13
CD,Female,18,Urban,PhD,2955,4,0,no,no,yes,low,10.9,8.3,4,97.41,yes,3,high,7,14,11
CD,Other,16,Suburban,Higher,5189,3,2,no,no,no,high,10.2,7.9,8,81.25,no,4,high,18,16,18
AB,Other,16,Rural,Secondary,8052,4,2,no,no,no,moderate,10.5,4.1,2,84.36,yes,3,medium,19,12,13
CD,Female,16,Suburban,Primary,8464,1,0,no,no,no,moderate,7.2,9.0,4,82.93,yes,2,low,16,17,15
AB,Male,14,Urban,Secondary,19159,1,1,yes,no,no,high,1.8,4.7,8,74.36,yes,3,low,19,2,11
CD,Other,20,Rural,Higher,2791,4,3,yes,no,yes,high,6.6,9.9,1,89.26,no,4,low,15,16,14
CD,Female,19,Urban,PhD,3953,1,0,yes,yes,no,high,6.7,9.3,7,70.05,yes,3,high,19,2,12
CD,Other,18,Urban,Higher,6805,1,2,yes,no,yes,moderate,5.1,5.5,7,82.33,yes,4,high,3,18,9
CD,Female,17,Suburban,PhD,15085,2,1,yes,no,yes,moderate,9.3,7.6,4,62.24,yes,3,medium,13,14,14
CD,Other,20,Suburban,Higher,16782,2,1,yes,yes,no,high,8.1,10.0,6,63.56,no,2,medium,6,3,5
CD,Other,19,Rural,Secondary,3925,1,1,yes,yes,no,high,5.2,6.5,8,68.98,yes,4,medium,2,10,1
CD,Male,16,Suburban,Secondary,16200,1,0,yes,yes,no,moderate,4.1,8.7,8,94.09,no,3,medium,0,17,5
AB,Male,14,Rural,Primary,4470,3,2,no,yes,yes,low,7.2,8.4,9,92.66,yes,4,low,3,19,8
CD,Other,19,Suburban,Higher,13141,4,1,no,yes,yes,moderate,1.7,5.4,2,78.18,yes,3,low,1,2,0
AB,Female,17,Rural,Higher,3885,2,0,yes,no,no,high,6.2,9.7,8,98.87,no,1,low,11,20,11
CD,Female,20,Rural,Secondary,13257,2,1,no,no,no,high,9.5,8.1,3,98.22,yes,4,medium,8,19,11
AB,Female,17,Suburban,Higher,4348,1,3,no,yes,yes,low,2.2,7.1,4,79.61,no,4,medium,7,3,3
AB,Female,16,Suburban,Higher,8310,4,1,yes,no,yes,moderate,3.3,4.2,8,99.61,yes,2,high,17,17,14
CD,Female,17,Suburban,Higher,13311,1,3,yes,no,no,low,7.0,8.6,7,68.77,no,1,medium,20,11,16
AB,Female,17,Urban,Primary,16655,4,0,yes,yes,yes,moderate,8.0,4.6,7,60.0,yes,4,high,7,8,7
CD,Other,17,Suburban,Primary,8982,1,1,no,no,yes,moderate,9.4,7.8,6,97.56,no,4,high,10,5,11
AB,Female,14,Suburban,None,4173,1,3,no,yes,yes,low,7.4,7.9,3,75.45,no,1,medium,15,3,7
CD,Female,19,Urban,Secondary,18029,1,2,yes,no,no,moderate,9.8,9.7,3,94.53,no,2,medium,18,6,10
AB,Female,15,Rural,Primary,2588,1,3,yes,no,yes,moderate,5.3,8.8,5,64.43,no,2,medium,17,0,12
CD,Male,14,Urban,PhD,8825,1,2,no,no,no,low,9.3,7.2,9,71.8,yes,3,high,11,2,7
CD,Female,20,Urban,Higher,11634,3,0,no,yes,no,low,6.8,7.7,7,75.53,yes,3,medium,9,4,7
CD,Other,17,Suburban,None,9209,1,2,yes,yes,no,high,1.6,4.1,4,96.5,yes,4,low,15,16,13
CD,Male,20,Suburban,None,14644,1,0,yes,yes,yes,moderate,2.1,9.0,1,66.62,yes,1,high,5,16,11
AB,Female,20,Rural,Secondary,3376,3,3,yes,yes,yes,high,9.6,4.3,7,96.34,yes,4,high,2,9,5
AB,Female,14,Suburban,Higher,4820,2,3,no,no,no,moderate,8.7,7.5,1,97.46,no,4,low,3,6,2
AB,Other,18,Suburban,None,14177,3,0,yes,yes,no,low,3.9,7.5,2,88.24,no,1,medium,8,11,8
CD,Female,17,Suburban,Primary,19084,4,2,yes,yes,no,moderate,7.3,5.9,8,87.19,yes,3,low,7,12,7
AB,Female,17,Urban,Secondary,19831,4,1,yes,no,yes,high,6.6,7.6,9,81.22,yes,2,medium,12,1,5
AB,Other,17,Rural,None,5182,3,3,yes,yes,no,moderate,10.3,7.6,1,90.53,yes,1,medium,7,15,6
CD,Male,14,Suburban,None,8780,3,3,no,yes,yes,low,7.7,4.9,1,79.8,no,3,medium,17,2,8
AB,Other,19,Rural,Higher,14049,4,0,yes,no,no,moderate,5.8,8.8,1,80.55,yes,2,low,18,1,13
CD,Female,14,Suburban,Primary,6640,1,2,yes,yes,yes,high,1.3,9.1,9,76.85,yes,4,high,1,16,6
AB,Other,17,Urban,None,2427,3,0,no,yes,yes,high,8.2,9.6,10,91.47,no,4,low,2,18,4
AB,Female,16,Suburban,PhD,15298,2,2,yes,no,yes,moderate,4.8,6.0,6,87.09,yes,1,high,3,7,2
AB,Other,20,Suburban,PhD,5118,1,1,no,yes,no,moderate,1.7,4.5,3,86.31,yes,1,medium,9,4,7
CD,Female,14,Urban,None,13936,2,1,yes,no,yes,low,7.4,6.0,7,76.35,yes,2,medium,4,12,2
AB,Male,16,Suburban,Secondary,19077,1,2,no,yes,no,low,4.5,8.5,9,68.67,yes,1,low,12,18,14
CD,Male,15,Urban,Primary,6143,1,0,yes,no,no,moderate,8.3,6.6,3,89.78,no,3,high,0,19,4
CD,Female,19,Suburban,Primary,15475,4,2,yes,no,yes,high,2.1,6.2,2,77.46,yes,4,medium,4,17,7
CD,Male,16,Rural,Secondary,13893,4,0,yes,no,no,moderate,3.5,5.0,9,76.45,yes,4,high,9,9,12
CD,Female,15,Rural,PhD,15406,3,0,yes,yes,yes,low,1.6,5.6,7,94.78,yes,1,low,6,10,7
CD,Female,16,Suburban,Secondary,11235,3,0,no,no,yes,moderate,10.5,9.4,2,65.39,yes,2,medium,16,4,9
CD,Other,20,Rural,Secondary,6242,1,0,yes,no,yes,moderate,4.7,7.8,7,82.32,no,4,high,12,9,7
AB,Female,16,Urban,PhD,18570,2,2,no,no,yes,moderate,8.5,6.2,1,93.28,yes,4,high,11,14,8
AB,Female,18,Rural,Secondary,7094,3,0,no,yes,yes,low,11.5,9.5,2,71.9,yes,3,medium,14,7,12
CD,Other,16,Urban,Primary,8408,1,1,yes,yes,yes,high,5.5,9.0,2,86.3,no,1,low,4,14,7
CD,Male,14,Urban,None,13020,2,2,no,no,yes,moderate,10.1,4.7,1,61.65,yes,3,medium,10,8,8
CD,Female,14,Rural,None,19152,3,1,no,yes,yes,high,3.8,4.0,2,88.38,yes,1,medium,18,17,16
CD,Female,15,Urban,None,19032,3,3,yes,yes,yes,low,8.6,8.9,1,85.62,no,4,medium,19,16,18
AB,Female,20,Urban,None,3551,3,3,yes,yes,no,low,7.9,6.3,4,88.13,yes,4,medium,12,2,7
CD,Other,15,Rural,None,10825,1,3,yes,no,yes,low,1.9,9.5,10,87.57,no,1,medium,9,14,8
CD,Male,19,Suburban,Higher,3551,1,0,yes,yes,yes,low,8.1,5.4,8,94.79,yes,4,low,5,8,4
AB,Female,16,Urban,Higher,13969,2,1,no,no,yes,low,10.1,6.7,8,94.71,no,4,high,17,18,17
CD,Other,14,Urban,Higher,17253,1,2,yes,yes,no,high,7.3,9.5,6,90.71,no,3,medium,10,3,4
AB,Male,14,Suburban,Primary,13476,3,1,yes,yes,yes,high,3.1,5.0,5,75.98,no,1,medium,7,19,10
AB,Female,19,Suburban,Primary,14268,4,1,yes,yes,no,moderate,10.1,9.6,8,88.33,no,1,low,12,6,6
CD,Male,19,Rural,None,17265,4,3,yes,no,yes,high,4.1,9.0,4,84.84,no,1,low,0,13,4
CD,Other,17,Rural,PhD,11321,4,3,yes,yes,no,low,1.9,9.5,3,80.04,yes,4,low,13,5,12
AB,Male,19,Suburban,Primary,19538,1,1,no,yes,no,high,10.9,6.4,5,74.15,no,4,high,11,0,8
AB,Female,16,Urban,None,4466,4,3,yes,yes,no,low,7.0,9.1,4,89.35,yes,3,high,14,8,9
CD,Other,14,Suburban,None,8806,2,2,no,yes,no,high,9.8,6.8,2,96.54,yes,2,low,13,4,4
CD,Male,20,Urban,None,17470,3,2,yes,no,no,high,5.3,8.1,8,96.05,yes,2,medium,0,9,2
CD,Other,15,Rural,Primary,2119,1,2,no,no,yes,high,1.7,8.8,3,90.52,yes,4,medium,5,2,1
CD,Female,14,Rural,Higher,8737,1,3,yes,no,yes,moderate,3.0,6.4,8,77.07,yes,4,high,18,9,14
AB,Other,17,Suburban,Higher,12748,1,2,yes,no,yes,moderate,9.1,5.9,2,93.62,yes,2,medium,20,12,17
CD,Male,15,Urban,PhD,5573,1,0,yes,yes,yes,low,6.7,5.3,5,64.05,yes,2,high,11,20,11
CD,Other,18,Rural,Primary,9773,3,0,no,no,yes,low,11.8,9.4,4,67.77,no,2,medium,3,0,1
AB,Female,19,Rural,Primary,7616,4,0,yes,no,yes,moderate,9.0,5.4,8,70.9,no,3,low,9,16,8
CD,Male,14,Urban,None,11872,1,3,yes,yes,no,low,5.2,4.2,1,96.7,no,1,medium,0,5,3
CD,Female,20,Urban,Secondary,17639,1,1,no,yes,yes,moderate,9.9,9.0,7,69.92,no,3,medium,9,13,9
AB,Female,18,Suburban,PhD,4687,3,3,yes,yes,yes,high,7.4,8.2,9,70.59,yes,1,low,7,18,7
CD,Female,18,Suburban,Higher,6752,4,1,no,no,no,low,10.0,7.8,1,63.88,yes,2,low,17,14,17
CD,Other,19,Suburban,None,7982,2,1,yes,no,no,low,5.3,8.3,1,61.64,no,2,high,8,12,8
CD,Female,19,Urban,PhD,11281,1,2,yes,no,yes,low,2.4,8.6,8,86.94,no,2,medium,17,1,9
CD,Female,19,Rural,Secondary,16318,2,1,no,yes,no,low,6.4,8.4,1,77.5,yes,1,high,16,9,10
CD,Other,18,Rural,Secondary,3930,3,0,yes,yes,no,moderate,2.6,4.7,6,91.74,no,1,high,14,8,16
CD,Female,20,Rural,Secondary,13755,4,1,yes,no,yes,low,11.6,6.3,8,89.3,yes,3,medium,6,17,11
CD,Other,20,Rural,Secondary,8420,4,1,yes,no,yes,high,4.3,6.8,10,88.4,yes,1,medium,3,2,5
AB,Other,15,Rural,Secondary,14277,1,3,yes,no,yes,high,1.1,8.2,1,76.19,no,4,low,14,12,9
AB,Male,14,Rural,Secondary,8678,1,3,yes,yes,yes,low,3.0,4.6,8,66.29,no,4,high,0,17,6
AB,Male,19,Rural,Secondary,5962,3,3,yes,yes,no,low,11.7,4.2,3,91.37,yes,4,high,12,5,10
AB,Male,15,Urban,Primary,4234,2,2,no,yes,yes,low,1.5,4.1,10,87.22,yes,2,low,19,7,11
AB,Other,19,Suburban,Primary,12909,2,1,yes,no,no,moderate,10.1,5.1,4,61.84,yes,4,medium,6,4,6
CD,Other,19,Urban,PhD,18733,1,2,no,no,yes,low,8.0,7.0,10,88.43,no,4,low,6,11,3
AB,Female,15,Rural,PhD,12280,1,2,yes,no,yes,moderate,5.9,7.0,10,82.04,yes,3,low,14,17,11
AB,Other,20,Urban,None,2898,2,1,no,yes,yes,high,1.0,8.8,2,84.54,no,2,high,12,20,13
AB,Male,18,Rural,Secondary,9453,2,2,yes,yes,no,moderate,10.9,8.9,2,72.0,no,2,low,4,6,4
CD,Other,16,Urban,PhD,15816,4,3,yes,no,yes,low,7.3,8.4,5,85.09,yes,2,low,5,1,2
AB,Female,15,Suburban,Primary,17807,3,3,yes,no,yes,high,3.6,8.3,6,78.0,no,3,high,12,18,14
AB,Female,18,Urban,Secondary,3451,2,1,no,no,yes,low,8.0,4.8,9,94.96,yes,2,medium,5,4,4
CD,Male,15,Suburban,PhD,4887,1,2,yes,no,no,moderate,9.1,9.5,6,79.47,yes,4,high,19,20,18
AB,Male,20,Suburban,PhD,13835,2,2,yes,yes,no,moderate,2.8,4.5,9,64.6,yes,3,low,16,16,14
AB,Female,14,Suburban,None,19506,1,2,no,yes,yes,low,8.7,6.0,3,89.12,yes,4,high,6,12,9
AB,Male,19,Suburban,Higher,3142,3,3,yes,yes,no,low,4.6,8.1,8,74.24,yes,3,medium,8,19,10
AB,Male,15,Suburban,PhD,8614,2,3,yes,yes,no,high,2.9,5.5,7,67.81,no,3,high,11,1,7
CD,Female,15,Urban,Primary,8493,4,0,yes,no,no,moderate,11.8,10.0,3,74.24,no,4,high,9,9,8
CD,Male,17,Rural,Primary,15065,2,0,no,no,no,low,11.5,9.8,10,60.56,yes,1,medium,1,18,3
CD,Other,19,Suburban,PhD,3285,2,0,yes,yes,no,low,5.6,5.3,10,76.27,yes,4,medium,17,3,11
AB,Other,17,Suburban,PhD,16179,4,0,no,yes,yes,moderate,11.3,9.7,5,67.68,no,4,high,15,0,6
CD,Female,19,Urban,Higher,3656,3,2,no,yes,yes,low,8.0,5.2,1,87.88,no,2,medium,4,5,3
CD,Male,18,Urban,PhD,17406,4,2,yes,no,yes,high,11.6,7.2,3,88.03,no,3,low,15,19,12
AB,Male,15,Suburban,None,14927,3,1,no,no,no,low,6.5,7.3,3,91.63,no,1,low,2,1,2
AB,Male,18,Suburban,None,12042,4,0,no,yes,yes,high,3.8,4.0,1,97.4,yes,1,high,0,1,0
CD,Male,16,Urban,None,16683,2,3,yes,yes,yes,moderate,7.3,7.9,8,79.28,yes,1,high,20,14,13
AB,Female,16,Rural,Primary,7215,2,1,no,yes,yes,moderate,2.1,7.2,10,91.44,no,1,medium,4,11,4
CD,Other,17,Suburban,None,8543,3,0,yes,yes,no,moderate,6.6,9.2,2,85.73,no,1,medium,5,12,6
AB,Female,20,Suburban,PhD,9815,4,3,no,no,yes,moderate,4.0,6.4,8,62.15,no,3,low,12,4,10
AB,Female,17,Urban,PhD,15021,4,1,yes,yes,yes,low,1.6,5.5,6,95.38,yes,1,high,1,8,1
AB,Other,16,Urban,None,13648,1,2,yes,yes,no,high,8.4,9.0,6,85.7,no,3,medium,20,17,18
CD,Male,17,Rural,Higher,4644,4,0,yes,yes,yes,moderate,2.8,5.8,3,83.6,yes,1,low,1,14,2
AB,Other,19,Suburban,Primary,19790,2,0,yes,yes,yes,moderate,4.7,5.8,6,96.67,no,3,low,18,17,14
AB,Other,17,Suburban,None,2309,4,0,no,no,no,moderate,11.0,8.9,7,90.69,no,1,medium,10,2,9
AB,Male,20,Suburban,Primary,15641,1,2,no,yes,no,moderate,9.9,7.1,7,64.05,no,3,high,9,16,8
AB,Other,19,Rural,Secondary,3462,3,0,yes,no,yes,moderate,2.2,6.2,4,60.28,yes,4,high,10,16,7
AB,Male,19,Urban,Secondary,12828,1,1,yes,yes,no,moderate,5.9,6.0,5,62.9,yes,4,high,12,6,12
CD,Male,16,Urban,PhD,15053,4,0,yes,yes,yes,moderate,11.4,10.0,3,84.54,yes,4,low,19,5,13
CD,Other,16,Urban,None,7089,2,0,no,no,no,low,4.8,6.8,6,76.85,no,1,high,2,8,5
CD,Female,20,Suburban,Secondary,17420,2,3,yes,yes,no,low,9.9,4.1,9,79.97,no,4,high,4,16,6
AB,Male,17,Rural,None,7954,2,3,yes,yes,no,high,5.5,4.9,1,70.6,yes,1,high,3,1,1
AB,Other,14,Rural,Primary,8789,4,1,no,no,no,low,4.9,8.1,2,74.84,yes,2,medium,18,10,17
CD,Female,15,Suburban,PhD,8006,1,1,no,yes,yes,low,4.1,5.4,1,63.85,no,1,low,19,4,13
AB,Other,19,Rural,Higher,13783,4,3,yes,no,no,moderate,8.0,7.3,9,97.34,yes,1,high,8,15,10
CD,Male,18,Suburban,Primary,7260,4,0,yes,no,no,high,7.9,6.1,8,81.27,yes,4,low,12,10,11
CD,Male,20,Rural,Primary,2389,3,2,no,yes,yes,low,9.1,4.8,1,64.25,yes,2,low,6,17,6
CD,Other,19,Suburban,Higher,13181,1,2,no,yes,yes,high,3.9,7.6,1,63.43,no,4,high,4,5,5
AB,Other,19,Suburban,None,14162,3,2,yes,no,no,low,11.4,7.9,2,80.8,no,2,medium,8,4,7
CD,Male,14,Suburban,None,4821,4,1,yes,yes,yes,low,12.0,9.7,5,70.24,no,3,high,7,19,8
AB,Male,17,Rural,None,10089,4,1,no,yes,no,moderate,3.9,5.9,1,87.61,no,4,high,2,15,3
AB,Male,16,Urban,Secondary,10670,1,2,no,no,yes,moderate,10.8,9.6,10,79.58,yes,1,high,8,14,8
AB,Male,16,Suburban,Higher,11786,4,3,yes,yes,no,low,8.8,5.6,7,81.91,yes,3,low,17,9,15
AB,Male,20,Rural,None,8870,2,0,yes,no,yes,high,5.7,8.2,5,60.81,yes,2,low,10,1,7
CD,Female,15,Suburban,Higher,6169,4,3,no,no,no,high,3.8,4.8,4,60.85,yes,3,medium,3,8,3
CD,Male,18,Suburban,None,14915,3,3,yes,no,no,high,5.4,8.9,9,60.31,no,1,medium,17,7,15
AB,Female,20,Rural,Secondary,16006,4,3,yes,no,no,high,11.5,8.0,3,64.86,yes,1,medium,3,12,8
AB,Female,18,Urban,Higher,14612,2,1,yes,yes,no,low,4.2,5.2,9,60.6,no,2,high,4,0,4
AB,Female,17,Urban,Higher,5347,2,2,yes,yes,yes,low,11.8,9.9,5,96.19,no,2,low,16,6,4
CD,Other,15,Suburban,Higher,6335,2,3,yes,yes,no,high,5.2,4.5,3,85.59,no,4,high,16,12,14
CD,Other,15,Urban,None,18724,1,3,yes,no,no,moderate,6.6,7.4,7,81.7,no,2,medium,18,17,19
CD,Other,18,Suburban,Primary,12311,1,1,yes,no,yes,low,2.7,8.5,2,68.05,yes,3,medium,19,17,14
CD,Male,20,Rural,None,13464,1,3,no,yes,no,low,10.7,4.8,1,69.23,yes,1,medium,7,9,7
CD,Other,17,Suburban,Secondary,9510,4,0,yes,yes,yes,high,8.1,5.1,4,82.04,no,4,low,6,1,5
AB,Other,18,Rural,PhD,9545,2,0,yes,yes,yes,high,10.6,4.2,7,75.9,yes,4,medium,17,20,15
AB,Other,16,Urban,PhD,15359,1,0,yes,yes,no,low,7.3,7.9,8,80.1,yes,2,medium,10,18,11
AB,Male,16,Suburban,Secondary,4437,3,3,no,yes,yes,low,9.0,8.8,8,83.04,no,2,medium,10,8,6
CD,Female,14,Suburban,Secondary,14826,2,2,no,no,yes,high,6.7,9.2,1,65.5,no,4,high,0,2,0
AB,Other,14,Rural,PhD,8531,3,1,no,no,yes,moderate,1.2,9.2,6,91.88,yes,2,low,4,1,1
AB,Female,16,Suburban,PhD,10608,3,2,yes,no,no,moderate,2.6,7.9,5,79.62,yes,2,low,6,19,8
CD,Male,16,Rural,Primary,17841,4,0,no,yes,no,low,2.5,7.3,8,63.47,no,4,high,18,13,15
CD,Other,17,Rural,Primary,14325,2,0,no,no,yes,high,11.6,5.0,9,86.86,yes,4,medium,20,18,13
AB,Other,20,Suburban,None,16562,4,3,yes,no,yes,low,1.5,4.2,5,68.26,yes,3,medium,19,15,18
CD,Male,18,Rural,Secondary,18301,3,0,no,no,no,high,8.5,9.9,5,91.56,yes,3,low,15,1,9
CD,Male,18,Rural,Secondary,7611,1,1,yes,yes,no,high,9.5,9.3,1,78.2,yes,2,low,14,17,16
CD,Other,17,Urban,Higher,5791,2,1,yes,no,yes,moderate,7.3,5.7,2,97.88,yes,1,high,4,7,6
CD,Other,17,Rural,Secondary,14603,2,3,yes,yes,yes,high,11.1,4.8,2,65.9,no,4,high,13,20,14
CD,Male,18,Rural,Secondary,18924,1,1,no,no,yes,high,7.6,9.0,2,63.28,yes,4,high,20,10,14
AB,Male,20,Suburban,None,2622,3,3,yes,no,yes,moderate,10.0,6.3,1,61.17,yes,2,medium,6,8,5
CD,Female,19,Urban,None,11610,2,0,yes,no,yes,high,4.8,7.5,9,76.85,no,2,high,2,17,7
CD,Other,14,Suburban,Higher,11094,1,3,yes,yes,yes,moderate,6.1,9.7,1,99.77,yes,1,medium,7,5,6
AB,Other,15,Suburban,None,2118,2,3,no,no,no,moderate,8.9,9.3,7,97.72,no,2,high,17,16,18
AB,Male,15,Urban,Higher,17642,2,0,no,no,no,high,7.5,6.9,8,86.49,no,2,low,11,17,8
CD,Male,20,Suburban,Secondary,12971,2,0,no,no,yes,low,3.1,4.5,9,85.46,no,4,high,5,11,4
AB,Other,19,Suburban,PhD,5500,4,0,yes,yes,no,moderate,8.3,4.4,2,72.32,yes,2,high,16,17,11
AB,Male,17,Urban,Secondary,18826,4,2,yes,no,yes,moderate,1.6,9.0,8,85.35,no,3,low,1,10,0
AB,Female,15,Suburban,Primary,18768,2,0,no,yes,yes,high,6.2,8.5,8,71.38,no,2,low,14,8,10
CD,Male,15,Urban,PhD,3596,1,0,no,yes,yes,low,8.0,9.4,2,70.13,no,2,low,1,6,1
AB,Female,15,Urban,Higher,9053,4,3,yes,yes,no,low,8.5,8.7,7,93.3,yes,4,high,13,12,13
AB,Female,20,Suburban,PhD,12475,2,2,yes,yes,yes,moderate,11.3,8.3,7,63.15,no,4,medium,9,19,11
AB,Other,20,Rural,Higher,19216,2,2,no,yes,yes,low,3.4,9.8,5,83.89,yes,4,medium,14,9,8
CD,Female,15,Suburban,PhD,11506,1,2,no,no,no,high,10.2,7.6,10,60.26,no,2,high,6,1,5
AB,Female,17,Suburban,None,10267,4,3,no,no,yes,high,2.3,6.4,2,73.27,yes,3,low,1,18,4
AB,Other,17,Suburban,Primary,10254,1,2,yes,no,no,moderate,9.7,4.6,2,85.94,no,4,high,0,8,3
CD,Other,17,Rural,Secondary,4829,2,1,no,yes,yes,moderate,9.1,7.6,8,86.07,no,4,low,15,13,11
CD,Other,15,Suburban,Primary,11719,4,0,yes,no,no,high,8.9,9.4,10,91.77,yes,1,low,19,17,13
CD,Male,18,Suburban,Higher,12788,1,3,no,yes,yes,low,10.6,8.2,8,96.74,no,4,medium,14,10,11
AB,Other,15,Rural,Higher,15951,2,2,no,yes,yes,moderate,3.1,5.6,5,84.39,no,3,medium,8,2,6
CD,Other,14,Urban,PhD,3037,4,2,yes,no,no,high,5.7,6.9,4,89.79,yes,1,medium,20,1,13
CD,Male,19,Urban,Primary,19304,2,1,yes,no,yes,high,11.7,5.8,3,75.65,no,1,high,15,3,12
AB,Female,17,Rural,Secondary,16767,2,1,no,yes,no,moderate,9.8,8.7,4,79.06,no,1,high,10,19,11
CD,Male,20,Urban,None,6037,4,1,yes,yes,no,high,12.0,8.7,7,63.97,no,4,low,8,19,10
CD,Female,15,Suburban,Primary,12240,1,2,yes,no,no,low,10.5,10.0,7,74.8,yes,3,medium,6,6,6
CD,Other,18,Rural,None,10230,2,2,no,yes,no,high,1.3,8.4,8,61.36,yes,2,medium,14,3,8
CD,Male,16,Suburban,None,18031,1,1,no,no,yes,moderate,9.9,9.3,6,89.04,yes,1,low,10,4,8
CD,Female,17,Suburban,None,9920,3,3,no,yes,no,high,6.3,8.9,1,82.46,yes,3,low,1,6,0
AB,Other,19,Rural,Higher,11226,2,3,yes,yes,no,moderate,5.0,7.4,10,73.89,no,4,low,2,12,3
AB,Male,14,Rural,None,18716,1,0,yes,yes,no,high,11.6,7.6,3,63.27,no,4,high,12,8,6
CD,Female,16,Urban,None,9500,4,1,yes,yes,yes,moderate,3.7,8.1,4,85.19,no,2,medium,17,20,15
CD,Male,17,Suburban,Secondary,15315,2,2,no,yes,no,moderate,3.1,4.7,9,85.04,no,2,low,12,0,5
AB,Other,14,Rural,Secondary,18314,3,2,yes,no,no,moderate,6.6,5.2,4,63.52,no,2,low,19,18,16
AB,Male,15,Urban,None,11988,2,0,yes,yes,no,moderate,3.3,7.9,8,90.7,yes,3,low,17,14,18
CD,Other,15,Urban,Secondary,16914,3,1,yes,no,yes,low,10.2,4.2,10,61.71,yes,2,high,13,17,10
CD,Female,16,Suburban,PhD,4814,1,3,yes,yes,yes,low,4.9,6.5,7,98.27,no,2,high,13,8,7
CD,Other,20,Urban,None,5159,1,2,yes,yes,yes,low,2.9,8.0,5,80.11,no,1,medium,3,4,4
CD,Male,18,Rural,PhD,8597,4,0,yes,yes,no,moderate,5.9,4.4,6,65.11,no,2,high,7,9,8
AB,Male,16,Suburban,Higher,15661,4,1,yes,no,yes,moderate,11.0,7.8,8,63.35,no,1,low,18,8,14
AB,Male,20,Rural,None,14774,3,0,no,yes,no,moderate,6.0,4.3,1,99.27,yes,4,medium,17,11,14
AB,Other,16,Urban,Higher,12309,2,2,yes,yes,yes,low,11.0,8.2,10,66.7,yes,1,medium,13,0,6
CD,Other,18,Urban,Higher,19302,2,3,no,no,no,low,7.9,7.4,4,60.52,no,1,medium,4,8,3
CD,Other,14,Suburban,Primary,7920,1,0,yes,yes,yes,high,6.2,6.6,6,87.52,no,2,low,3,6,3
AB,Male,20,Rural,Higher,13154,1,2,yes,yes,yes,moderate,11.7,7.4,6,69.77,no,1,low,4,17,8
CD,Female,18,Rural,None,15209,4,0,yes,no,no,moderate,2.0,5.3,9,81.18,no,3,low,7,16,7
CD,Female,19,Urban,None,18755,1,1,yes,no,yes,moderate,1.9,10.0,1,61.25,no,4,high,9,3,2
AB,Other,18,Rural,PhD,8653,4,3,no,no,no,moderate,2.1,6.1,10,68.47,yes,1,high,1,7,5
CD,Male,15,Urban,PhD,12291,4,0,yes,no,yes,high,2.8,6.5,9,66.11,no,3,medium,11,12,15
AB,Male,14,Rural,Higher,11424,2,3,yes,yes,no,low,8.0,4.9,6,90.59,yes,2,high,16,8,10
CD,Female,18,Suburban,Secondary,12799,2,2,no,yes,yes,high,2.5,8.5,2,92.47,yes,3,high,5,7,7
CD,Male,16,Rural,PhD,8392,3,2,no,no,no,moderate,7.4,8.1,3,68.48,no,4,low,20,18,20
AB,Other,14,Suburban,Secondary,18421,3,2,yes,no,no,low,10.5,9.3,4,86.83,yes,2,medium,17,15,15
AB,Male,18,Urban,Primary,11266,3,1,yes,no,no,low,8.9,5.1,1,61.5,no,4,low,9,17,12
AB,Female,20,Rural,Secondary,9868,4,0,yes,no,yes,moderate,4.0,4.7,4,96.01,no,3,medium,14,5,8
AB,Female,17,Urban,PhD,19245,1,0,no,no,no,moderate,11.3,6.0,5,80.54,no,2,low,10,8,8
AB,Male,16,Urban,Higher,16489,1,3,yes,yes,no,moderate,9.1,9.3,4,92.61,no,3,medium,5,15,6
CD,Male,20,Suburban,Higher,10009,1,0,no,no,yes,high,6.3,5.0,6,91.04,yes,2,medium,2,19,6
AB,Other,18,Suburban,PhD,18675,2,2,yes,yes,yes,high,1.3,4.1,1,91.41,no,1,high,4,4,1
CD,Female,15,Rural,Higher,9929,4,1,no,no,yes,moderate,2.9,10.0,8,71.85,no,3,low,20,19,17
AB,Other,19,Rural,Secondary,16316,1,2,no,yes,no,high,3.1,9.5,9,60.53,no,4,medium,12,20,13
AB,Male,20,Urban,None,13170,2,0,no,no,no,moderate,4.6,9.4,3,60.48,no,4,high,19,18,17
AB,Other,20,Rural,Higher,2980,3,3,no,yes,yes,low,7.1,7.3,6,87.13,no,3,medium,4,14,3
CD,Female,15,Rural,Higher,16458,1,2,no,no,no,high,5.4,5.8,2,94.68,no,2,low,11,3,9
CD,Male,14,Suburban,None,16926,1,3,no,yes,yes,low,7.7,10.0,2,72.93,yes,4,low,11,11,15
CD,Male,18,Rural,Higher,19860,4,2,no,no,no,moderate,6.3,4.6,7,70.44,yes,3,high,3,18,3
CD,Female,16,Rural,Secondary,14575,1,2,yes,no,no,low,10.4,6.9,3,64.59,no,4,medium,1,7,0
AB,Male,18,Urban,None,12926,1,0,yes,no,yes,low,1.3,8.2,1,60.05,no,2,high,14,16,16
AB,Female,14,Rural,PhD,13827,2,3,no,no,yes,low,11.1,5.7,6,87.62,no,1,high,18,11,16
CD,Male,18,Urban,None,8101,3,2,yes,yes,yes,high,7.8,4.9,7,72.0,no,3,medium,20,8,14
AB,Female,20,Suburban,None,13444,2,3,no,yes,yes,moderate,2.6,7.9,5,87.94,no,3,medium,15,4,11
AB,Other,14,Urban,Secondary,18510,1,0,no,yes,no,moderate,3.6,7.8,8,96.01,yes,2,high,1,1,0
AB,Other,15,Rural,Secondary,9512,2,3,yes,no,no,moderate,8.5,7.4,4,84.37,yes,2,low,14,18,11
CD,Male,18,Rural,Secondary,11221,1,0,no,no,yes,high,11.2,7.6,8,77.96,yes,2,high,17,15,13
AB,Other,14,Rural,Higher,12212,2,1,no,yes,no,low,6.4,6.8,7,92.18,no,2,high,10,15,12
AB,Other,18,Suburban,Higher,14987,3,1,no,no,no,high,5.7,8.9,5,97.49,yes,2,low,9,0,5
CD,Female,17,Suburban,None,12433,4,0,no,yes,yes,high,7.6,4.9,6,65.32,yes,1,medium,9,14,8
CD,Other,18,Rural,PhD,16630,4,3,yes,no,no,low,8.2,5.3,1,86.71,no,1,low,0,20,5
AB,Male,14,Urban,Secondary,5733,3,2,no,yes,yes,high,6.7,4.7,4,98.8,no,3,low,4,10,1
CD,Other,17,Urban,Secondary,9319,4,2,no,yes,yes,high,3.2,9.4,10,76.58,yes,3,high,5,6,0
AB,Male,20,Suburban,None,8452,4,1,no,no,no,low,4.4,5.3,7,73.83,no,1,low,5,17,8
AB,Other,17,Rural,PhD,18099,1,0,no,yes,yes,high,2.7,6.9,9,76.6,yes,2,medium,5,9,6
CD,Female,17,Suburban,PhD,12963,4,2,yes,yes,yes,high,10.4,8.9,10,68.25,yes,3,medium,12,5,11
AB,Male,19,Suburban,Secondary,4639,4,0,yes,yes,yes,moderate,8.4,8.2,10,69.61,no,4,low,16,16,16
CD,Male,15,Urban,PhD,2485,3,2,no,no,yes,low,2.5,6.7,3,64.91,yes,2,low,2,13,2
AB,Male,17,Rural,Higher,17223,3,1,no,yes,yes,low,7.8,5.8,7,89.56,yes,2,high,2,18,6
CD,Female,18,Rural,Secondary,8558,2,1,yes,no,no,high,9.2,5.0,10,86.83,no,4,high,17,14,10
CD,Male,14,Rural,Higher,17510,1,0,no,no,yes,low,1.1,5.3,3,95.76,no,3,low,1,14,1
AB,Other,14,Suburban,None,13855,3,0,yes,yes,no,moderate,5.6,8.8,1,81.71,no,3,low,16,20,12
AB,Female,20,Suburban,Secondary,8366,4,0,no,no,yes,high,3.1,5.9,8,95.62,yes,2,high,6,4,5
CD,Male,15,Urban,PhD,14806,1,2,yes,yes,yes,moderate,8.2,4.5,6,92.5,no,4,low,8,1,4
CD,Other,20,Suburban,Higher,9589,2,0,yes,yes,no,high,2.8,8.5,7,88.76,no,4,medium,5,5,1
AB,Male,19,Urban,Higher,15184,3,0,no,no,no,low,7.2,8.5,5,85.23,no,2,high,14,11,13
AB,Female,15,Suburban,Primary,19096,1,1,no,yes,no,high,12.0,5.6,6,91.31,yes,3,medium,8,8,5
AB,Male,18,Suburban,PhD,9209,3,1,no,no,yes,high,6.4,4.2,7,83.05,no,2,high,0,3,0
AB,Male,17,Suburban,Primary,11444,4,1,yes,no,no,low,11.0,9.4,4,97.59,no,3,high,7,1,8
AB,Male,14,Urban,PhD,11284,3,2,yes,yes,yes,high,11.4,5.5,4,82.23,yes,3,medium,14,11,14
AB,Other,18,Suburban,None,5268,4,3,yes,no,yes,high,11.6,9.3,2,82.53,no,4,low,10,6,10
CD,Female,15,Rural,Secondary,17276,1,2,yes,no,yes,low,10.0,6.5,3,61.11,no,2,medium,10,18,10
CD,Female,14,Rural,Primary,7884,1,0,no,no,no,moderate,7.8,5.7,6,70.09,yes,2,low,4,6,7
CD,Other,18,Suburban,Secondary,19308,3,1,yes,yes,yes,low,4.6,6.4,5,83.91,no,4,high,13,2,8
CD,Other,14,Suburban,PhD,10194,1,2,yes,yes,yes,moderate,5.8,6.6,8,61.08,no,4,high,19,11,13
AB,Other,19,Urban,None,13907,2,3,yes,yes,no,low,10.9,5.1,6,79.93,yes,2,low,4,20,7
CD,Male,20,Suburban,Higher,17255,1,2,no,yes,no,low,8.0,9.8,1,61.89,no,2,low,0,13,1
CD,Other,15,Rural,Secondary,2560,4,3,no,no,yes,low,9.6,4.4,2,67.81,no,2,high,16,0,11
AB,Male,14,Rural,Higher,7897,4,0,yes,yes,yes,low,8.0,5.6,9,97.62,no,1,low,17,10,16
CD,Female,20,Rural,None,9221,3,0,yes,yes,no,moderate,5.8,6.1,5,94.66,yes,1,high,4,11,6
CD,Female,16,Suburban,Primary,14840,4,2,no,yes,no,high,2.5,5.7,9,96.65,no,2,medium,11,12,11
AB,Male,14,Urban,PhD,7044,3,0,no,no,yes,moderate,3.0,5.9,5,62.22,no,4,medium,20,6,17
CD,Female,17,Rural,Primary,16006,1,2,no,no,yes,moderate,1.6,5.4,7,83.75,no,1,low,1,10,2
CD,Other,14,Urban,Primary,13937,2,2,no,yes,no,high,6.9,8.1,2,95.87,no,2,medium,17,6,10
AB,Male,15,Urban,Primary,7352,3,0,yes,no,yes,moderate,8.7,5.7,7,76.04,no,2,medium,17,10,12
AB,Female,14,Suburban,Secondary,2233,1,1,yes,no,no,moderate,2.3,7.5,1,82.17,yes,4,low,18,19,15
AB,Female,14,Rural,Higher,2347,1,0,no,yes,yes,moderate,8.5,9.9,10,79.7,yes,1,low,12,8,9
AB,Other,20,Suburban,None,9116,4,3,yes,no,no,low,6.4,5.5,2,72.74,yes,1,high,10,14,9
AB,Male,15,Rural,Primary,17133,4,1,yes,no,yes,moderate,4.2,9.1,5,61.91,no,1,low,2,4,3
AB,Male,15,Suburban,None,10017,4,0,no,yes,no,low,11.4,8.1,8,97.7,yes,2,high,9,5,6
CD,Female,19,Urban,PhD,12598,3,1,yes,yes,no,moderate,5.7,8.6,8,74.58,yes,4,low,16,19,15
AB,Female,14,Rural,PhD,15340,4,0,yes,no,no,moderate,8.7,8.4,5,76.35,yes,2,medium,9,8,8
AB,Female,18,Urban,None,12163,2,2,no,no,yes,moderate,9.2,4.5,6,90.6,no,4,high,12,17,11
AB,Male,20,Suburban,None,16245,1,3,no,yes,no,high,8.4,6.1,7,83.97,no,3,low,19,1,12
CD,Female,15,Suburban,Primary,10276,1,0,no,no,no,high,7.5,6.3,6,99.23,no,1,high,6,3,4
CD,Female,14,Rural,Secondary,6149,3,2,yes,yes,yes,moderate,1.7,9.9,4,87.8,no,4,low,20,18,18
AB,Other,14,Urban,Higher,7544,3,1,no,no,no,moderate,9.4,9.7,3,61.43,yes,1,medium,2,6,1
CD,Other,17,Rural,Primary,17871,2,0,no,no,yes,high,3.5,4.8,10,83.52,no,4,low,19,1,10
CD,Female,19,Rural,None,16602,4,2,yes,no,no,high,4.5,7.5,10,62.08,yes,1,high,0,0,3
CD,Male,15,Rural,Primary,2610,4,1,no,no,no,moderate,10.3,4.2,2,68.08,no,1,high,19,14,16
CD,Other,20,Suburban,Secondary,18479,1,3,yes,no,yes,moderate,4.1,9.1,10,70.51,no,4,medium,2,17,7
CD,Other,17,Suburban,Secondary,14320,1,3,no,no,yes,high,4.1,9.7,1,76.3,yes,2,high,18,11,13
AB,Female,20,Urban,Primary,17931,1,0,yes,yes,no,moderate,7.9,9.5,9,82.11,no,3,low,0,11,2
AB,Female,20,Rural,Higher,18519,1,1,no,no,no,low,6.3,6.2,8,69.85,yes,3,low,1,2,1
CD,Male,19,Rural,Higher,3195,2,3,yes,no,yes,moderate,2.7,9.4,9,75.59,yes,3,medium,19,0,6
AB,Female,20,Suburban,Secondary,16867,2,1,no,yes,no,low,2.9,7.3,3,73.85,yes,1,high,9,1,2
CD,Female,20,Rural,Primary,14321,3,3,no,yes,yes,high,4.8,4.4,5,63.15,no,2,low,12,5,8
CD,Other,17,Rural,PhD,2082,1,2,yes,no,yes,low,1.3,9.3,9,69.95,no,1,low,5,5,5
CD,Male,20,Urban,Secondary,3224,3,3,no,no,no,low,3.5,4.4,7,92.77,no,2,low,12,18,15
AB,Male,19,Urban,None,3148,1,0,yes,no,no,moderate,1.9,5.7,1,92.14,yes,2,high,13,15,12
AB,Female,16,Rural,PhD,19364,2,2,no,yes,yes,high,5.5,4.7,4,62.77,no,2,low,4,15,8
AB,Other,17,Urban,None,19561,1,3,yes,yes,no,high,2.1,9.4,7,64.57,no,2,high,4,4,4
CD,Female,14,Suburban,Secondary,14245,1,1,no,no,no,low,6.6,7.8,2,75.29,no,4,low,9,16,12
AB,Male,20,Rural,PhD,6053,4,3,yes,yes,no,moderate,9.5,8.0,5,73.73,yes,3,medium,20,5,14
AB,Male,15,Rural,None,15415,4,3,no,yes,no,high,1.1,4.9,8,83.41,yes,1,low,0,12,3
CD,Female,19,Rural,Primary,5422,2,1,yes,no,no,moderate,10.9,9.1,8,88.51,yes,1,low,17,14,14
AB,Other,15,Rural,PhD,13586,4,3,no,yes,yes,high,2.5,5.6,5,80.51,no,4,low,14,14,11
AB,Male,15,Suburban,PhD,8335,4,3,no,yes,no,low,5.0,9.0,9,79.61,yes,4,medium,16,16,13
AB,Female,18,Suburban,Higher,5344,1,3,yes,no,no,moderate,5.5,8.5,9,82.31,yes,4,high,0,6,0
AB,Female,14,Suburban,Secondary,14182,4,1,no,yes,no,high,2.9,4.5,6,72.33,yes,3,low,12,8,13
CD,Male,16,Urban,PhD,14813,3,0,no,no,no,moderate,8.5,7.7,5,81.36,no,4,high,7,15,9
AB,Male,15,Suburban,Higher,14415,3,1,no,no,no,low,10.2,6.3,9,94.38,no,3,high,11,7,7
CD,Male,16,Urban,Secondary,11151,3,0,no,no,no,low,3.6,4.7,1,86.18,no,4,medium,11,5,9
AB,Female,19,Rural,PhD,8363,2,3,yes,no,no,low,1.9,5.8,1,69.88,no,1,low,16,8,11
CD,Female,16,Urban,Secondary,11869,2,2,yes,yes,no,low,5.4,8.2,6,76.29,yes,2,low,4,10,7
CD,Other,17,Suburban,None,14059,1,1,no,no,no,high,8.4,4.7,6,96.98,no,4,medium,20,3,11
AB,Female,20,Rural,None,14581,2,3,no,yes,no,high,5.3,8.3,2,71.99,yes,3,high,20,9,16
AB,Other,18,Suburban,None,19317,4,3,yes,no,yes,moderate,4.8,9.6,2,74.62,no,2,high,1,20,8
CD,Female,19,Suburban,Secondary,9120,1,0,yes,yes,no,low,7.9,8.5,9,63.7,yes,2,medium,14,10,11
CD,Female,15,Suburban,Secondary,7239,2,1,no,no,no,moderate,3.6,7.7,9,90.1,yes,1,high,17,0,10
AB,Female,20,Suburban,Higher,8837,4,0,yes,no,yes,moderate,6.6,5.3,6,74.83,no,1,medium,4,19,8
AB,Female,16,Urban,Secondary,17836,3,2,yes,no,no,high,9.3,5.9,8,84.82,no,2,high,20,8,15
CD,Other,16,Urban,Higher,6427,3,3,yes,no,no,high,5.4,5.9,2,81.81,no,4,low,12,16,16
AB,Male,19,Suburban,Higher,12525,4,0,no,yes,no,moderate,11.9,6.1,10,68.71,yes,1,medium,20,7,16
CD,Male,18,Urban,PhD,16655,1,1,yes,no,no,high,10.7,9.5,2,73.18,yes,4,medium,3,11,4
AB,Male,14,Suburban,Primary,9867,3,1,no,no,yes,moderate,8.7,9.8,10,70.18,no,1,low,6,20,11
AB,Other,17,Suburban,PhD,18367,1,0,no,no,no,low,4.8,9.2,1,99.82,no,3,high,10,9,8
AB,Other,18,Suburban,PhD,19947,4,0,yes,no,yes,high,2.9,8.8,9,74.35,yes,1,medium,7,4,4
AB,Other,16,Suburban,None,10997,4,0,yes,no,yes,low,8.3,9.2,8,82.25,no,2,high,6,19,6
CD,Female,16,Suburban,Primary,12773,2,1,yes,yes,no,low,8.9,9.9,1,67.12,yes,1,medium,1,2,0
CD,Male,19,Rural,Secondary,12991,3,1,yes,no,no,high,2.4,8.9,1,81.05,no,2,high,0,9,4
CD,Other,18,Rural,Primary,11277,1,1,yes,no,no,low,6.5,4.4,3,82.87,no,2,high,10,5,3
AB,Other,16,Rural,PhD,10845,1,3,yes,no,yes,moderate,3.2,9.1,4,67.03,yes,3,high,14,12,9
CD,Male,20,Suburban,PhD,2221,4,0,yes,yes,no,high,7.2,9.6,4,62.2,no,1,medium,4,13,8
CD,Other,17,Suburban,PhD,13093,4,2,yes,yes,no,high,6.0,8.9,2,65.76,yes,4,high,1,9,0
AB,Other,15,Suburban,PhD,6822,2,0,yes,no,no,high,10.0,9.0,5,78.32,yes,2,high,4,17,5
CD,Other,15,Suburban,None,15825,4,2,no,no,no,moderate,7.6,6.6,4,67.74,no,1,medium,19,7,10
AB,Other,20,Rural,Secondary,12081,2,1,yes,no,no,moderate,2.9,9.2,1,62.44,yes,1,medium,4,0,3
CD,Male,19,Urban,None,7969,1,2,yes,yes,yes,moderate,4.9,7.6,4,78.48,yes,2,low,9,8,11
CD,Male,18,Urban,PhD,5600,3,3,yes,no,no,low,1.2,7.0,6,96.13,yes,2,medium,0,10,3
AB,Male,20,Urban,Primary,12935,2,0,no,yes,yes,low,9.9,6.5,2,67.49,yes,2,low,20,12,16
CD,Male,15,Suburban,None,10267,3,1,yes,no,no,low,9.3,4.8,9,98.24,no,3,high,7,3,7
CD,Female,16,Urban,Higher,10127,3,2,yes,no,no,high,2.3,6.8,6,80.93,yes,1,medium,18,11,11
AB,Female,17,Rural,PhD,12159,1,1,no,no,no,moderate,5.9,8.3,8,63.63,yes,3,medium,5,17,6
CD,Other,16,Urban,PhD,18204,3,0,yes,no,yes,moderate,7.9,8.0,9,75.54,yes,1,low,8,15,9
CD,Female,14,Urban,PhD,11255,4,2,yes,no,yes,low,2.7,7.4,1,74.63,yes,3,low,11,0,7
CD,Male,15,Suburban,Primary,2232,1,0,yes,yes,no,high,1.4,5.9,7,64.8,yes,1,medium,16,5,13
AB,Other,20,Suburban,None,18495,3,3,no,yes,no,low,2.5,5.7,4,64.83,no,2,high,11,10,8
CD,Male,15,Urban,PhD,5440,3,3,no,no,yes,low,2.0,9.2,2,73.25,no,3,high,3,18,7
AB,Other,19,Urban,Secondary,4813,3,2,yes,no,no,low,7.5,6.3,6,92.49,no,4,medium,17,1,10
AB,Female,19,Urban,Primary,17210,1,0,no,yes,no,high,11.5,6.5,4,61.32,yes,1,low,10,12,7
AB,Female,16,Rural,Primary,11529,4,3,yes,no,no,high,4.9,9.5,2,90.9,yes,4,medium,13,2,8
CD,Male,15,Urban,PhD,5027,4,0,no,no,no,high,5.1,4.1,6,91.81,yes,4,high,0,18,3
AB,Other,20,Rural,None,7290,1,2,no,no,no,high,5.7,6.3,5,76.2,yes,4,medium,20,9,10
CD,Other,15,Suburban,None,3153,3,2,yes,yes,no,high,10.4,4.0,1,94.68,yes,3,medium,18,6,13
AB,Male,17,Urban,Secondary,16859,3,2,yes,yes,yes,moderate,1.9,7.3,1,77.7,no,2,low,19,0,13
CD,Female,19,Suburban,Secondary,4668,1,3,no,yes,no,moderate,9.7,4.5,7,63.84,yes,2,low,17,4,11
CD,Other,19,Urban,PhD,7123,2,1,no,no,no,low,10.6,7.7,7,83.78,yes,3,high,15,5,7
CD,Other,16,Suburban,PhD,19477,1,3,no,no,yes,low,5.3,6.2,2,60.57,no,4,medium,5,1,6
AB,Male,19,Suburban,Primary,5742,1,0,no,no,yes,low,5.6,8.5,6,84.34,no,1,high,12,0,8
CD,Other,15,Suburban,Secondary,11574,4,1,yes,no,no,high,10.3,6.4,7,88.01,yes,1,medium,9,16,9
AB,Male,18,Urban,Secondary,19176,2,2,yes,no,yes,high,10.6,6.5,10,73.12,yes,3,low,1,15,4
CD,Male,20,Urban,Primary,5733,1,3,yes,no,no,high,6.3,4.2,1,96.2,no,4,medium,13,3,10
AB,Female,17,Urban,Primary,5631,4,1,yes,no,yes,moderate,7.8,5.4,5,80.29,yes,2,high,13,13,12
AB,Female,20,Rural,None,6056,2,0,no,no,no,high,5.9,8.1,5,81.42,yes,1,high,1,12,2
AB,Male,18,Suburban,Higher,3803,3,2,yes,no,yes,moderate,6.2,4.0,3,86.86,yes,2,low,18,20,18
CD,Female,16,Urban,Secondary,5829,2,3,no,no,yes,moderate,7.3,7.5,7,99.88,yes,3,high,3,10,3
CD,Other,18,Urban,Primary,5311,3,2,no,no,no,high,6.6,6.4,6,81.31,no,3,low,0,3,0
CD,Other,19,Suburban,None,14206,4,0,no,yes,yes,high,8.9,8.8,7,80.41,yes,4,high,14,10,12
AB,Female,15,Suburban,Higher,19350,2,1,no,yes,yes,moderate,8.1,4.3,6,82.3,yes,2,low,3,0,2
AB,Female,17,Suburban,None,2914,4,3,no,yes,no,high,7.9,5.8,9,92.22,no,4,medium,1,8,0
CD,Male,20,Urban,Secondary,3610,2,3,yes,yes,no,moderate,4.5,6.1,4,89.61,yes,3,high,20,6,12
CD,Male,14,Suburban,Secondary,3849,3,0,yes,no,no,low,1.4,7.3,1,92.64,yes,3,high,16,5,10
CD,Male,15,Rural,Secondary,8614,2,3,yes,no,no,low,7.2,9.5,7,91.88,no,1,low,16,18,19
CD,Female,17,Urban,Secondary,6671,3,0,yes,yes,no,high,1.7,8.3,3,93.03,yes,1,low,9,9,7
CD,Male,20,Urban,Primary,16251,4,2,no,no,yes,moderate,8.7,6.3,1,72.62,yes,4,high,19,16,18
AB,Female,16,Rural,Secondary,18770,3,1,no,no,yes,high,1.5,6.1,2,61.17,no,3,low,9,20,12
AB,Female,14,Suburban,Secondary,17773,4,1,no,no,no,low,7.6,9.9,6,99.04,yes,2,high,16,10,13
CD,Female,15,Suburban,PhD,8033,3,1,yes,no,yes,low,8.0,8.7,10,83.5,yes,2,medium,15,11,12
AB,Male,18,Rural,PhD,8137,4,0,no,yes,yes,moderate,6.4,9.7,9,79.77,no,1,high,13,5,9
CD,Female,19,Urban,Secondary,9217,1,1,no,yes,no,low,11.5,7.3,5,85.03,no,4,high,4,7,2
CD,Male,14,Suburban,Primary,16740,1,0,yes,yes,yes,low,9.8,8.3,3,74.92,yes,2,high,11,14,10
AB,Female,17,Rural,None,4506,2,1,yes,no,yes,high,9.7,8.4,1,80.84,no,1,high,5,5,4
CD,Male,14,Urban,Higher,12542,3,1,yes,yes,yes,low,5.5,5.5,2,98.44,yes,1,low,11,9,8
CD,Other,19,Rural,PhD,2331,1,3,yes,yes,no,low,8.4,6.0,1,98.68,yes,3,low,12,7,11
AB,Female,16,Urban,Primary,12354,2,2,no,no,yes,high,10.9,4.5,1,82.4,yes,1,medium,12,11,14
AB,Female,19,Suburban,None,2766,3,0,no,yes,no,low,7.8,6.4,8,75.86,no,2,high,0,15,0
AB,Female,18,Suburban,Primary,10141,3,3,yes,yes,no,high,8.2,9.5,2,64.56,no,2,high,8,10,6
AB,Male,19,Urban,Higher,3652,3,3,yes,yes,no,high,7.7,4.2,8,93.3,no,4,low,15,5,10
AB,Other,14,Urban,Higher,14064,3,3,yes,no,no,high,5.2,6.3,1,83.27,yes,1,high,0,20,8
AB,Male,19,Rural,PhD,6511,1,3,yes,no,yes,moderate,7.7,6.2,2,76.32,no,4,medium,2,3,0
AB,Female,14,Suburban,Primary,12508,3,1,yes,yes,no,high,4.2,4.3,6,64.65,yes,1,low,17,8,17
AB,Female,19,Suburban,Higher,9152,1,2,yes,no,no,high,10.9,8.2,9,62.96,no,2,low,1,9,1
CD,Other,16,Suburban,PhD,10887,1,1,yes,no,yes,low,1.2,8.7,6,69.7,no,2,medium,7,10,3
CD,Female,15,Rural,Higher,18562,3,2,no,no,yes,moderate,8.0,5.7,9,89.13,no,3,low,4,5,2
CD,Female,20,Urban,Secondary,18372,3,2,no,yes,yes,low,10.8,4.2,6,69.69,no,3,medium,19,2,13
CD,Other,14,Rural,Higher,19016,2,0,yes,yes,yes,low,8.9,5.0,1,69.15,yes,2,medium,10,16,10
AB,Female,20,Suburban,Higher,19639,2,3,yes,yes,yes,moderate,2.1,6.8,6,77.26,no,1,high,19,3,9
AB,Other,17,Suburban,PhD,10086,2,0,yes,no,yes,low,5.4,6.7,8,73.33,no,2,low,2,7,4
CD,Male,15,Rural,Primary,19529,3,2,no,no,yes,high,2.3,8.8,5,85.56,no,3,high,9,11,7
AB,Male,15,Urban,Higher,15784,1,0,yes,no,yes,low,8.2,6.1,7,98.98,yes,3,medium,14,4,8
AB,Male,15,Urban,Higher,8700,3,1,yes,yes,yes,low,7.6,5.2,3,64.48,no,2,medium,20,20,20
AB,Other,16,Suburban,None,11981,1,0,yes,no,no,high,2.9,4.7,1,96.74,no,1,low,10,14,7
CD,Female,17,Rural,Secondary,10131,2,2,no,no,yes,moderate,7.5,9.4,7,63.8,yes,3,low,13,15,12
CD,Female,16,Urban,None,17250,4,1,no,yes,yes,moderate,11.6,6.5,2,83.64,yes,4,medium,0,0,0
CD,Other,20,Urban,PhD,19354,4,2,yes,yes,no,low,9.8,4.9,6,96.8,yes,1,low,19,3,9
CD,Female,20,Rural,Higher,17052,2,1,yes,no,yes,moderate,7.3,6.2,8,85.63,no,4,high,20,7,8
CD,Female,18,Rural,PhD,13055,4,3,no,no,no,low,6.8,4.1,7,68.97,yes,1,high,15,18,14
AB,Female,16,Rural,Higher,12232,1,1,yes,no,no,high,11.5,7.1,10,87.57,yes,4,medium,2,13,7
AB,Female,19,Rural,Primary,3572,2,0,yes,no,no,high,3.4,9.3,10,90.19,yes,2,low,0,3,0
CD,Male,18,Rural,Higher,19527,3,0,no,no,yes,low,3.2,8.8,7,70.81,yes,3,high,3,17,6
CD,Male,20,Rural,Secondary,9021,1,1,yes,no,yes,high,9.9,4.3,1,83.86,yes,1,low,2,3,3
CD,Female,14,Rural,Higher,13368,3,1,no,yes,yes,moderate,3.3,5.8,9,66.91,yes,3,medium,3,18,6
AB,Male,19,Suburban,Primary,12819,4,2,no,no,no,moderate,9.1,10.0,10,95.18,yes,1,high,3,11,1
CD,Male,15,Suburban,Higher,8670,3,1,no,yes,no,low,8.0,8.4,6,98.24,no,1,medium,8,7,7
CD,Female,18,Rural,PhD,5272,3,2,yes,no,yes,moderate,10.0,4.6,5,88.81,no,1,low,11,14,12
CD,Other,20,Urban,Secondary,14301,3,2,no,yes,no,moderate,11.0,8.4,7,90.52,no,4,high,13,12,12
AB,Female,18,Rural,Secondary,16027,3,1,yes,yes,yes,low,3.0,5.3,6,71.08,yes,3,low,1,0,0
CD,Male,16,Urban,PhD,8565,2,0,yes,no,yes,high,8.7,6.9,5,90.39,yes,2,low,2,12,6
CD,Other,17,Rural,Primary,14407,2,1,yes,yes,no,high,1.5,9.5,2,93.89,no,3,high,3,9,6
AB,Female,17,Urban,None,14738,1,0,no,yes,yes,high,2.1,6.8,6,98.38,yes,2,high,1,6,7
CD,Other,18,Suburban,None,12791,2,1,no,no,no,low,9.9,8.2,6,70.23,no,2,low,3,20,6
CD,Other,20,Suburban,Primary,19391,4,3,yes,no,yes,moderate,4.9,7.9,7,99.95,no,3,medium,16,2,8
CD,Other,15,Rural,Primary,3931,3,0,yes,no,no,moderate,8.7,5.2,10,74.4,no,3,low,4,4,3
AB,Other,20,Rural,Higher,13899,1,2,yes,no,yes,high,8.9,5.1,4,86.18,yes,3,high,6,15,10
AB,Female,20,Suburban,Higher,2594,1,0,yes,no,yes,low,6.3,6.7,5,64.51,yes,1,low,8,17,11
AB,Other,15,Rural,PhD,12337,1,3,no,no,no,high,8.1,4.6,5,93.31,yes,2,low,17,2,10
AB,Other,18,Urban,Higher,9874,1,1,yes,no,no,moderate,7.7,7.5,8,84.07,no,1,low,6,19,8
AB,Female,18,Urban,Primary,18800,1,0,yes,yes,no,low,5.7,7.2,9,66.43,yes,1,medium,17,3,8
AB,Male,19,Urban,Secondary,17850,1,1,yes,yes,yes,high,3.0,5.4,9,78.27,no,4,medium,18,11,14
CD,Other,19,Suburban,PhD,3517,1,3,no,no,yes,high,11.9,8.4,2,94.04,no,4,low,15,3,10
AB,Female,14,Rural,Secondary,18092,3,2,no,no,no,moderate,2.9,4.2,3,70.32,no,4,high,19,4,11
AB,Female,20,Suburban,Primary,5680,1,2,no,yes,yes,moderate,7.7,4.5,4,81.77,yes,4,medium,10,16,12
AB,Other,20,Rural,None,2693,1,1,yes,no,yes,low,6.2,5.5,1,86.45,no,2,high,18,5,12
AB,Male,19,Suburban,Higher,14630,2,2,no,yes,no,low,3.3,4.9,3,74.71,yes,1,medium,10,9,14
AB,Female,16,Suburban,Higher,2253,3,1,no,yes,no,moderate,7.4,5.6,3,60.09,yes,4,medium,2,5,0
AB,Other,19,Urban,Primary,6234,3,2,no,yes,yes,moderate,10.7,5.3,7,89.5,no,1,low,1,1,2
AB,Male,20,Suburban,Higher,2089,4,0,yes,yes,no,low,2.3,4.4,7,81.14,yes,3,high,14,20,12
CD,Male,17,Suburban,PhD,19721,2,2,yes,no,no,moderate,6.2,6.3,3,74.52,yes,2,medium,6,7,5
CD,Female,15,Rural,PhD,19991,4,3,yes,yes,yes,low,11.2,6.0,6,99.86,no,2,low,16,13,10
AB,Female,16,Rural,Primary,16836,3,0,no,no,no,high,8.8,8.9,10,72.21,no,3,high,7,15,8
CD,Female,17,Rural,Higher,14803,4,3,yes,yes,no,moderate,11.7,6.8,9,72.06,no,1,medium,9,5,5
AB,Other,17,Urban,PhD,14024,4,0,no,no,yes,moderate,1.8,5.0,7,87.24,no,2,medium,3,12,7
CD,Other,16,Suburban,Secondary,5543,1,3,yes,yes,yes,low,11.8,5.6,4,62.55,yes,2,medium,2,20,5
AB,Female,14,Rural,Secondary,6396,2,1,yes,yes,no,moderate,1.1,9.2,3,62.26,yes,4,medium,18,10,12
CD,Male,17,Urban,Primary,17344,2,2,yes,yes,no,low,4.5,4.5,8,85.27,yes,3,low,14,14,13
CD,Male,20,Rural,Primary,6627,2,0,no,no,yes,moderate,7.6,7.2,3,93.83,no,3,medium,8,9,6
AB,Male,18,Urban,Secondary,16524,2,1,yes,yes,yes,low,5.5,5.2,8,69.87,yes,1,medium,1,11,6
CD,Male,20,Suburban,Higher,18586,1,3,yes,no,no,high,8.2,7.8,3,87.52,yes,4,medium,12,3,6
CD,Male,17,Suburban,None,14608,1,3,yes,yes,no,moderate,7.5,5.7,9,96.1,no,2,medium,2,12,0
AB,Female,19,Rural,PhD,16721,2,2,no,yes,no,moderate,10.1,8.8,6,75.59,yes,4,high,18,20,18
CD,Male,17,Suburban,Higher,16479,3,0,yes,no,yes,high,3.8,8.4,3,65.64,yes,3,medium,0,18,4
AB,Female,20,Urban,Primary,8098,3,1,yes,no,no,moderate,2.6,8.3,9,70.31,yes,4,high,1,7,0
CD,Other,15,Rural,PhD,17818,1,0,yes,yes,yes,moderate,5.5,6.3,8,66.45,no,4,medium,16,0,6
AB,Other,20,Suburban,PhD,8249,4,2,no,yes,no,moderate,2.3,5.2,5,92.31,no,3,high,3,13,4
AB,Other,17,Urban,Secondary,10465,2,1,yes,yes,no,moderate,6.2,8.6,8,62.11,yes,2,medium,5,6,8
CD,Male,18,Suburban,None,11848,4,3,no,yes,no,high,11.5,6.6,8,64.12,yes,3,low,1,18,1
AB,Female,16,Urban,Secondary,2434,2,2,no,no,no,moderate,5.3,6.0,2,79.76,no,1,medium,15,11,12
AB,Female,17,Suburban,Higher,3228,1,2,no,no,yes,moderate,7.7,5.3,3,64.34,yes,2,low,5,10,3
CD,Male,15,Suburban,Primary,19967,4,0,yes,no,yes,moderate,10.5,7.5,1,78.52,yes,1,high,7,1,7
CD,Female,18,Urban,Secondary,6427,1,1,no,no,no,low,11.2,6.5,5,95.43,no,3,low,5,2,5
CD,Other,20,Urban,None,2411,1,3,yes,yes,yes,high,10.7,6.5,10,84.62,no,3,low,14,9,10
CD,Female,17,Rural,Primary,4022,1,1,no,no,no,moderate,3.7,8.3,1,92.02,no,4,high,6,6,1
AB,Other,16,Rural,Higher,2233,2,3,yes,yes,yes,high,7.8,6.8,9,98.83,yes,2,high,15,16,15
CD,Other,14,Urban,Primary,19078,3,0,yes,yes,no,moderate,12.0,7.2,10,67.64,no,4,high,8,0,4
CD,Female,20,Suburban,Secondary,6334,1,1,no,yes,yes,low,11.0,7.8,4,88.28,no,4,high,19,11,13
CD,Other,20,Urban,Higher,10281,2,3,yes,no,yes,low,5.3,8.2,10,78.26,yes,4,high,4,3,3
AB,Other,17,Urban,None,11832,1,2,yes,yes,no,high,11.3,7.1,5,89.06,no,4,low,16,14,12
AB,Female,19,Suburban,None,15261,2,1,yes,no,yes,moderate,10.2,8.0,7,63.97,yes,1,medium,8,2,6
CD,Female,19,Urban,Secondary,14103,1,2,yes,no,yes,low,4.2,8.9,7,95.96,yes,3,medium,18,6,10
AB,Other,17,Rural,None,19876,4,3,yes,yes,no,moderate,10.1,4.6,9,70.81,no,2,high,7,13,8
CD,Female,19,Suburban,Primary,18759,4,1,yes,no,no,moderate,5.2,9.2,9,70.06,yes,3,high,9,10,5
CD,Male,19,Urban,Higher,5862,2,3,yes,no,yes,moderate,8.0,4.2,4,91.63,no,4,medium,9,9,4
CD,Other,17,Suburban,None,12619,1,1,yes,yes,yes,moderate,3.3,6.3,8,73.63,yes,3,low,8,8,7
AB,Female,14,Rural,Primary,15910,2,1,yes,no,yes,moderate,9.4,8.1,9,92.87,no,4,low,10,19,10
AB,Female,14,Rural,None,13979,2,2,yes,yes,no,moderate,3.0,5.9,6,78.07,yes,2,low,17,1,9
CD,Male,19,Rural,Primary,17014,4,2,no,no,yes,high,11.4,8.2,10,82.57,no,3,medium,0,9,1
CD,Female,15,Suburban,Primary,15685,4,1,no,no,yes,moderate,8.6,9.7,8,65.8,yes,1,medium,13,15,12
AB,Male,16,Rural,Higher,10258,1,3,yes,no,no,high,5.1,9.5,1,63.77,no,4,high,16,15,12
AB,Other,14,Urban,PhD,5053,4,3,yes,yes,no,low,2.7,6.5,4,62.49,yes,2,medium,4,20,8
AB,Other,19,Suburban,None,5190,4,3,yes,yes,yes,moderate,3.2,4.2,3,90.16,no,1,high,2,6,3
CD,Male,20,Suburban,Higher,13802,2,2,no,yes,no,low,2.1,5.1,4,79.7,no,1,high,8,18,9
AB,Female,16,Suburban,Primary,8197,1,2,no,no,yes,moderate,7.7,6.6,2,67.74,no,4,medium,11,17,14
AB,Other,18,Rural,Primary,18930,2,1,no,no,yes,low,7.5,8.7,2,90.86,yes,1,high,18,12,14
CD,Other,14,Urban,None,10246,4,1,yes,yes,no,low,1.5,7.3,4,61.75,no,4,high,17,10,13
AB,Male,15,Rural,Primary,2537,1,1,no,yes,yes,moderate,8.7,4.3,8,94.29,no,4,high,10,13,9
AB,Male,15,Rural,None,6358,1,2,yes,yes,no,high,3.1,4.8,2,74.59,no,2,high,12,14,9
AB,Other,17,Rural,Secondary,12233,2,3,yes,no,no,moderate,11.3,5.0,10,73.19,no,4,low,9,11,11
CD,Other,15,Urban,Secondary,6179,2,2,yes,yes,yes,low,10.8,8.9,5,63.2,no,2,low,4,3,1
AB,Female,18,Urban,Higher,13216,4,3,yes,no,no,low,7.4,5.2,1,77.05,yes,3,low,12,20,15
AB,Other,15,Suburban,Higher,15033,4,2,yes,no,yes,low,6.9,7.4,5,89.46,yes,3,low,7,10,9
CD,Male,18,Rural,PhD,14906,4,3,no,no,yes,high,11.9,4.3,6,69.71,yes,3,medium,1,7,5
CD,Male,17,Urban,Primary,11418,2,0,no,yes,yes,high,5.1,8.9,1,90.15,yes,2,medium,14,18,12
AB,Male,17,Suburban,PhD,6003,2,3,no,yes,no,high,8.7,7.1,2,98.87,no,1,medium,15,14,13
AB,Female,19,Suburban,None,2263,1,3,yes,yes,yes,high,10.6,6.7,2,76.37,no,1,high,10,8,7
CD,Other,14,Suburban,Secondary,7817,3,1,no,no,no,high,1.1,6.6,2,74.61,yes,2,high,6,0,5
AB,Other,14,Suburban,Higher,16184,2,0,yes,yes,yes,moderate,7.1,9.6,1,73.06,no,1,low,13,18,10
AB,Male,16,Suburban,PhD,14142,4,0,no,no,yes,low,1.2,6.2,3,73.24,no,3,medium,17,18,18
CD,Female,14,Suburban,None,3000,3,2,yes,yes,no,high,4.9,8.5,7,67.0,yes,2,low,9,20,10
CD,Male,20,Urban,Secondary,19778,3,0,no,yes,yes,low,6.9,4.2,4,84.0,yes,4,low,6,11,7
AB,Other,18,Suburban,None,14720,2,2,no,yes,no,high,4.2,4.1,7,87.35,no,2,medium,11,7,7
AB,Female,15,Suburban,Secondary,6957,3,3,no,yes,no,high,8.8,6.3,1,73.5,no,1,medium,17,11,15
AB,Female,15,Suburban,None,3339,4,0,yes,yes,no,moderate,10.7,5.1,7,66.49,no,1,high,1,19,6
CD,Male,17,Suburban,Primary,11570,1,0,no,yes,no,low,3.3,4.0,10,99.7,yes,1,low,16,0,10
CD,Other,18,Suburban,Primary,4475,1,3,yes,yes,yes,low,10.9,9.5,7,98.37,yes,1,medium,16,19,11
CD,Female,15,Urban,PhD,8627,4,2,no,no,no,moderate,6.1,5.6,4,75.14,no,2,medium,18,6,16
AB,Male,15,Urban,Primary,8431,3,2,yes,yes,yes,high,10.1,4.1,3,63.83,yes,4,high,7,6,6
AB,Male,16,Urban,PhD,18736,4,0,no,no,yes,moderate,5.2,9.6,1,76.87,no,1,medium,8,14,10
CD,Female,16,Suburban,PhD,13784,4,0,yes,yes,no,high,8.2,5.0,9,90.53,no,4,high,19,20,15
AB,Female,19,Urban,Higher,5096,4,2,yes,no,no,high,4.5,6.0,3,73.07,no,3,medium,5,16,8
AB,Other,18,Rural,Secondary,12728,3,3,no,yes,no,low,5.8,8.8,1,97.04,no,2,low,14,7,11
CD,Female,16,Urban,None,9988,3,1,yes,yes,no,low,7.6,10.0,7,96.51,no,1,medium,5,15,6
AB,Female,17,Suburban,Secondary,5933,1,0,no,yes,no,moderate,1.3,9.6,10,76.88,no,4,medium,15,8,9
AB,Female,19,Rural,Primary,16692,1,0,yes,no,yes,high,8.4,9.5,7,74.71,no,3,high,20,0,13
CD,Other,16,Rural,Primary,14886,2,1,yes,no,no,high,10.0,5.3,10,99.48,yes,3,medium,8,10,8
CD,Female,19,Urban,Primary,11451,1,1,yes,no,yes,moderate,9.9,6.1,6,80.67,no,2,low,17,12,13
AB,Other,17,Suburban,Secondary,8592,1,3,no,no,no,low,6.4,8.4,5,69.81,no,4,low,17,3,9
CD,Other,16,Rural,Primary,14592,2,2,yes,no,yes,moderate,4.2,8.7,10,89.12,no,3,low,12,5,8
AB,Male,18,Suburban,Secondary,3538,3,0,no,no,no,low,2.9,7.0,10,64.58,yes,3,low,1,4,3
AB,Female,20,Rural,PhD,3015,4,0,no,no,no,moderate,3.1,5.1,2,99.39,no,4,high,5,5,3
CD,Female,17,Suburban,Higher,17811,4,2,yes,yes,yes,high,3.3,9.5,5,77.42,no,3,medium,19,15,16
AB,Other,19,Urban,None,18385,4,0,no,no,no,high,8.3,7.9,3,71.4,yes,1,high,2,7,6
CD,Male,20,Rural,PhD,2530,3,3,yes,no,yes,moderate,4.3,4.9,6,81.89,no,2,medium,9,4,6
CD,Female,20,Rural,None,11728,2,2,yes,yes,no,low,3.7,6.0,2,65.39,yes,2,high,3,14,3
AB,Male,16,Suburban,None,18535,2,1,yes,no,no,low,9.0,9.8,7,93.94,yes,1,low,20,17,17
CD,Male,20,Suburban,Higher,10150,1,2,no,yes,no,low,6.2,7.1,10,74.67,no,4,high,5,10,5
CD,Other,20,Urban,Higher,7630,2,3,yes,no,yes,moderate,7.4,5.0,9,74.08,no,4,medium,17,16,14
CD,Female,19,Suburban,Higher,16264,1,0,yes,yes,no,high,10.1,4.9,5,84.18,no,3,high,14,4,7
CD,Other,19,Rural,Secondary,16344,3,3,no,no,yes,high,2.7,4.3,7,91.36,yes,2,medium,5,11,6
CD,Other,20,Rural,Secondary,5643,3,2,yes,yes,no,low,4.2,6.9,10,81.91,yes,4,low,6,17,9
AB,Male,19,Rural,None,18612,2,0,no,yes,yes,low,8.4,8.9,5,99.69,yes,4,medium,9,7,10
CD,Female,19,Urban,None,12316,2,0,no,yes,yes,high,8.5,4.9,3,65.24,yes,2,low,3,5,1
AB,Male,19,Rural,Higher,4344,3,1,no,yes,yes,moderate,8.6,7.6,5,83.82,yes,1,low,20,11,14
AB,Female,17,Urban,PhD,19718,4,1,no,yes,yes,moderate,10.2,9.0,1,96.58,yes,2,high,16,16,12
AB,Male,17,Rural,Secondary,19058,4,1,no,no,no,high,1.8,4.4,7,90.84,yes,1,low,1,18,5
AB,Male,19,Suburban,Higher,11246,2,1,no,yes,no,moderate,1.9,8.3,1,93.11,yes,2,high,15,11,12
AB,Other,17,Suburban,Primary,17537,1,2,yes,no,yes,moderate,1.3,5.4,4,66.78,yes,4,medium,15,18,12
CD,Other,20,Suburban,None,17594,4,2,no,yes,yes,high,7.2,4.6,7,66.49,no,1,high,16,8,11
CD,Male,20,Rural,Primary,10059,4,3,no,yes,no,moderate,9.3,6.1,8,79.43,yes,1,high,12,20,11
CD,Male,16,Suburban,Higher,14180,4,2,no,yes,yes,high,7.6,9.6,1,61.32,yes,2,high,1,4,0
CD,Female,18,Urban,PhD,9514,2,2,no,yes,no,high,5.5,7.8,3,70.72,no,3,low,9,10,7
CD,Female,14,Urban,Secondary,5124,1,0,yes,no,yes,high,8.1,8.8,2,90.57,no,1,low,0,7,4
AB,Male,20,Urban,Higher,11260,1,2,yes,yes,no,low,5.9,6.7,8,86.93,no,1,low,9,0,4
AB,Female,15,Urban,Primary,13058,2,2,no,no,no,low,6.1,7.1,4,67.83,yes,4,high,0,6,1
CD,Female,19,Urban,None,4237,2,0,no,yes,yes,moderate,10.2,6.8,10,96.78,yes,1,medium,14,15,10
CD,Female,14,Rural,Secondary,14026,3,3,no,yes,yes,low,7.3,4.8,1,79.13,no,1,medium,15,3,6
CD,Other,17,Rural,None,6632,2,1,no,yes,no,moderate,7.3,6.6,2,97.45,yes,1,high,19,13,16
AB,Male,19,Urban,Higher,3560,4,3,no,no,no,low,10.6,6.9,6,80.9,no,2,high,12,20,15
CD,Female,17,Rural,PhD,19759,1,0,no,yes,no,moderate,3.0,6.1,6,81.99,yes,1,high,9,1,6
CD,Other,15,Suburban,Primary,7134,1,0,yes,yes,yes,high,5.2,9.7,5,91.88,no,1,medium,8,0,2
AB,Other,17,Rural,None,3759,4,2,yes,no,no,low,11.0,8.6,2,76.26,yes,1,high,10,18,11
AB,Other,18,Urban,Primary,15289,3,1,no,yes,yes,high,4.6,8.9,4,67.51,yes,4,low,17,1,10
AB,Female,19,Urban,PhD,8127,2,3,no,yes,yes,low,10.8,5.9,2,74.95,no,2,low,0,10,2
AB,Other,17,Suburban,PhD,19475,4,1,yes,no,yes,low,8.1,9.8,7,78.37,yes,3,high,6,16,8
AB,Female,18,Rural,None,15822,1,1,yes,yes,yes,low,11.5,6.0,3,79.42,no,4,medium,12,1,7
CD,Male,19,Rural,Higher,16146,1,3,no,no,no,low,9.4,7.5,5,94.64,yes,2,low,10,14,11
CD,Male,14,Suburban,Higher,17561,2,0,no,no,no,low,1.1,7.0,4,63.04,no,3,medium,0,4,3
CD,Other,19,Urban,None,9850,2,0,no,no,no,moderate,4.3,8.1,1,74.29,yes,1,high,4,16,8
CD,Female,20,Suburban,None,3212,3,2,yes,yes,no,low,7.5,9.1,10,77.11,no,3,medium,17,16,11
AB,Male,20,Urban,PhD,6862,2,1,no,yes,yes,low,6.4,7.1,9,66.73,yes,4,medium,17,9,15
CD,Male,14,Rural,Secondary,9790,3,0,yes,yes,no,low,9.5,4.7,1,80.79,yes,1,low,8,19,7
CD,Other,19,Urban,Higher,3014,3,3,yes,no,no,low,5.5,6.5,10,97.22,no,3,medium,10,2,6
AB,Male,19,Urban,Secondary,19814,2,0,no,no,yes,low,4.1,5.6,1,97.86,no,4,high,2,17,5
CD,Male,17,Urban,PhD,4816,3,3,yes,yes,yes,low,6.1,9.0,4,72.12,yes,3,low,9,10,12
AB,Other,19,Rural,None,13151,3,0,yes,yes,yes,high,9.8,5.3,4,65.66,no,3,medium,11,14,10
CD,Male,14,Urban,PhD,8134,4,0,yes,yes,no,moderate,9.5,5.1,8,77.81,yes,1,high,8,10,7
CD,Male,16,Urban,Secondary,19100,4,3,no,yes,yes,high,9.0,7.4,10,98.89,no,2,low,7,8,8
AB,Other,16,Suburban,Higher,13817,4,1,yes,no,yes,low,1.8,4.6,2,66.25,yes,3,low,18,0,12
CD,Other,18,Urban,PhD,6122,1,1,yes,yes,yes,high,6.4,8.3,5,85.21,yes,3,low,5,7,4
AB,Male,15,Urban,PhD,9588,4,1,yes,yes,yes,high,4.9,4.3,3,65.38,yes,4,high,19,2,10
CD,Other,20,Rural,Primary,19199,1,2,yes,yes,yes,low,8.4,4.5,9,79.34,yes,2,low,20,3,15
AB,Other,19,Rural,None,3411,4,2,no,yes,no,low,7.1,4.9,8,62.24,no,3,high,19,4,15
CD,Male,16,Urban,Primary,12121,3,2,no,yes,no,low,6.1,4.2,5,63.29,no,2,medium,14,10,8
AB,Female,17,Suburban,None,15314,3,1,yes,no,yes,low,10.0,6.0,4,76.02,yes,1,low,16,1,12
CD,Female,18,Urban,PhD,6573,3,3,no,no,yes,moderate,11.4,4.2,10,86.53,no,2,high,0,16,6
CD,Female,17,Urban,PhD,12823,1,3,no,yes,yes,low,6.8,8.1,9,72.47,yes,4,low,10,16,9
CD,Other,16,Urban,None,18473,3,2,no,yes,no,low,10.6,9.1,10,74.05,no,4,high,0,6,0
AB,Male,17,Suburban,Primary,12140,4,3,no,no,yes,moderate,7.7,7.9,3,66.58,yes,4,medium,1,15,8
AB,Male,14,Suburban,None,2937,4,2,no,yes,no,low,11.7,6.3,9,79.59,no,4,low,13,20,15
CD,Other,17,Rural,Secondary,11953,1,2,no,yes,yes,high,10.2,4.7,4,70.83,yes,2,high,15,2,11
CD,Male,14,Rural,None,3537,2,0,yes,yes,yes,moderate,4.1,9.6,8,95.0,yes,2,high,5,2,3
AB,Other,19,Urban,Higher,4155,1,2,yes,yes,no,moderate,1.1,8.3,3,98.18,yes,4,high,5,0,6
AB,Male,17,Urban,Primary,5679,1,3,no,yes,yes,moderate,1.9,8.1,7,87.78,no,3,low,13,18,15
CD,Other,18,Urban,Secondary,17894,4,2,yes,no,no,high,6.1,7.7,6,63.12,yes,4,low,9,5,4
AB,Other,16,Rural,PhD,11563,2,1,yes,yes,no,high,7.0,4.2,7,73.3,no,1,low,3,15,6
CD,Other,18,Urban,Primary,3666,4,3,yes,yes,yes,high,9.2,9.9,5,99.41,yes,3,medium,20,20,15
CD,Female,20,Rural,Primary,19658,4,0,yes,no,no,high,4.8,6.1,7,91.49,yes,2,high,5,18,10
AB,Male,20,Rural,None,12467,4,2,no,no,yes,low,8.6,8.5,3,69.97,no,2,medium,2,14,6
CD,Male,20,Urban,PhD,7440,1,0,no,yes,yes,low,8.0,6.8,4,92.39,yes,1,low,0,20,5
AB,Other,14,Rural,Higher,7479,4,3,yes,yes,no,high,5.0,5.8,1,86.47,yes,2,high,1,9,4
CD,Male,17,Urban,None,17739,2,0,yes,yes,no,moderate,7.4,7.4,8,67.38,yes,4,medium,9,4,5
CD,Female,14,Urban,Secondary,5917,2,3,yes,yes,yes,high,10.3,9.2,10,97.17,yes,3,low,7,7,7
AB,Male,19,Urban,Secondary,19021,1,1,yes,yes,no,moderate,11.8,5.0,3,72.75,yes,4,low,17,5,13
CD,Male,19,Urban,PhD,3213,4,3,no,no,no,high,9.9,9.5,8,93.57,no,2,low,12,9,10
AB,Male,15,Rural,PhD,2979,3,1,no,yes,yes,low,10.4,7.1,5,73.88,no,2,medium,7,12,5
CD,Female,14,Urban,Higher,11285,3,3,no,no,yes,low,1.1,8.9,7,88.57,no,4,low,7,2,5
CD,Other,17,Urban,None,12029,4,1,no,no,no,high,8.7,7.6,3,99.99,no,4,high,14,2,10
CD,Male,16,Rural,None,2245,1,1,yes,yes,no,high,8.2,7.9,9,62.68,no,4,high,20,20,18
CD,Other,16,Suburban,PhD,16657,3,3,yes,no,no,moderate,2.4,9.6,5,94.46,yes,1,high,19,20,12
CD,Female,16,Suburban,None,18401,3,0,yes,yes,no,low,5.5,7.4,7,69.84,no,2,high,6,11,5
AB,Male,14,Urban,Secondary,7944,4,2,yes,yes,yes,high,12.0,6.3,7,84.54,no,1,low,13,0,4
AB,Other,16,Suburban,PhD,13134,1,3,yes,no,yes,high,5.4,7.0,4,94.46,no,4,high,3,15,6
AB,Female,14,Urban,None,2804,2,3,yes,yes,no,low,9.0,9.3,9,86.6,no,2,low,20,17,18
AB,Female,18,Urban,None,18200,3,2,no,no,yes,moderate,2.5,4.2,4,74.98,yes,1,low,19,20,17
AB,Male,17,Urban,Primary,3845,2,1,yes,yes,yes,moderate,4.9,5.9,9,61.21,yes,3,high,2,19,5
AB,Male,19,Suburban,PhD,4402,1,3,no,no,no,low,2.8,8.2,6,76.9,no,4,high,2,16,7
AB,Other,19,Urban,Higher,18230,1,0,yes,yes,no,moderate,7.0,5.1,10,65.39,yes,1,low,13,9,11
AB,Female,16,Suburban,Secondary,15705,1,0,yes,no,yes,low,8.0,6.4,2,99.02,no,4,high,12,3,11
CD,Male,20,Rural,Primary,2340,2,1,no,yes,no,high,6.4,7.7,5,68.87,no,4,low,9,19,9
CD,Male,17,Rural,Primary,5781,1,1,no,no,no,low,11.1,5.0,3,64.52,yes,4,high,9,20,10
CD,Other,14,Urban,Higher,17254,1,3,yes,no,no,high,4.3,5.9,1,91.86,yes,1,medium,20,9,13
AB,Female,20,Urban,Secondary,8421,3,1,no,no,yes,high,4.1,5.6,6,62.26,yes,1,high,3,17,4
CD,Female,15,Urban,None,4219,4,2,yes,yes,yes,moderate,7.4,9.7,5,78.28,no,3,high,10,1,5
CD,Other,15,Suburban,Primary,14522,2,0,no,yes,no,high,9.7,7.1,9,69.23,no,2,high,8,16,12
AB,Male,20,Suburban,Primary,15608,4,1,no,no,no,high,11.6,8.7,7,72.84,no,1,high,4,19,8
CD,Other,17,Urban,None,19416,1,0,yes,yes,no,low,9.1,7.0,4,61.64,no,1,high,20,3,13
CD,Other,18,Rural,PhD,16714,2,0,yes,yes,yes,high,3.3,5.9,8,76.15,yes,3,high,9,1,5
CD,Other,19,Urban,Secondary,6651,2,1,no,yes,yes,moderate,7.4,8.8,10,72.41,no,1,high,19,10,12
AB,Male,19,Suburban,Primary,7051,2,2,yes,no,no,low,5.7,6.5,3,64.5,no,1,medium,20,14,15
AB,Male,18,Rural,Higher,13204,4,2,yes,yes,yes,high,7.7,5.6,8,89.16,no,4,medium,4,3,4
AB,Male,16,Rural,PhD,14047,4,2,yes,yes,no,high,10.8,4.0,3,73.18,no,2,low,13,10,13
CD,Male,15,Rural,Higher,9126,3,3,yes,no,no,low,6.1,4.8,9,98.64,yes,2,low,9,5,8
AB,Male,20,Urban,Higher,3715,1,1,no,yes,no,moderate,3.1,5.2,7,77.23,no,4,medium,7,10,6
AB,Male,15,Rural,PhD,16500,2,2,yes,yes,yes,moderate,10.4,6.4,8,84.3,no,3,medium,13,14,11
CD,Male,16,Rural,Secondary,2170,3,1,no,yes,yes,high,1.6,7.5,8,69.41,no,2,low,10,3,7
AB,Male,15,Rural,Secondary,3720,1,3,no,no,no,high,8.1,6.2,2,92.28,no,1,high,19,7,15
CD,Male,18,Rural,None,19312,1,2,no,yes,yes,low,10.7,9.9,1,80.39,no,1,high,2,7,2
AB,Other,20,Rural,Primary,10496,4,1,yes,no,no,moderate,9.4,7.2,3,64.13,no,2,low,0,14,1
CD,Male,19,Rural,PhD,5828,1,2,yes,no,yes,low,9.4,8.0,6,78.41,no,1,low,16,6,6
AB,Female,16,Rural,Secondary,2834,1,1,no,no,yes,low,3.7,4.4,9,97.51,no,1,low,14,6,13
AB,Female,18,Suburban,Primary,17654,1,2,no,yes,yes,moderate,11.4,8.6,8,92.2,yes,1,medium,13,12,10
CD,Other,17,Suburban,PhD,8072,3,0,yes,yes,no,moderate,9.0,9.8,5,60.91,yes,1,medium,1,12,4
CD,Male,20,Suburban,Secondary,13034,3,0,no,no,no,high,4.0,7.2,3,87.36,yes,3,high,7,20,9
CD,Male,20,Suburban,None,8084,3,1,no,no,no,high,5.9,8.3,2,99.59,no,2,high,8,2,6
CD,Male,16,Urban,Primary,14217,3,1,no,yes,no,high,3.6,8.8,6,76.24,yes,1,medium,10,16,9
CD,Male,14,Urban,None,12878,4,0,yes,no,yes,high,11.9,6.4,9,81.98,no,3,high,11,15,13
AB,Male,18,Urban,Secondary,11913,3,2,no,no,no,high,2.7,7.7,9,98.02,yes,1,low,10,0,7
CD,Female,17,Suburban,Secondary,7207,2,1,yes,no,no,moderate,4.5,5.4,10,92.24,yes,4,medium,12,14,14
CD,Female,17,Urban,Secondary,2099,1,3,no,no,yes,low,3.9,9.2,7,98.88,no,3,low,18,3,10
CD,Male,15,Urban,Secondary,16909,4,1,yes,no,no,high,7.1,4.1,3,80.08,no,3,high,16,5,12
CD,Other,14,Rural,Secondary,14996,2,1,no,yes,no,moderate,11.9,8.6,6,77.25,no,1,high,6,15,6
AB,Female,18,Urban,None,11096,1,2,no,yes,yes,moderate,9.5,6.8,7,74.88,yes,3,low,2,4,1
CD,Other,15,Suburban,None,18236,2,1,no,no,no,high,6.7,6.6,4,87.47,yes,4,low,0,1,0
AB,Male,20,Urban,Secondary,5114,4,0,no,yes,no,moderate,1.3,9.6,5,84.25,no,4,low,20,2,14
CD,Other,14,Suburban,Secondary,6433,3,2,no,yes,no,moderate,1.6,7.4,5,91.03,yes,2,high,1,5,3
CD,Other,17,Urban,PhD,3527,4,0,no,no,no,high,10.5,5.5,10,66.05,yes,4,medium,19,16,14
AB,Other,17,Rural,Primary,2484,1,2,no,no,no,moderate,2.6,5.9,8,71.64,yes,2,high,0,17,6
AB,Other,20,Rural,Secondary,7484,2,0,no,no,yes,low,11.2,5.0,3,62.88,no,1,medium,19,20,18
CD,Male,19,Urban,None,13920,1,3,no,yes,yes,high,8.0,5.3,6,60.14,yes,4,high,18,12,15
CD,Other,17,Rural,None,4509,1,2,no,yes,yes,moderate,3.1,8.4,2,72.99,yes,2,high,16,11,10
AB,Other,19,Suburban,PhD,10444,2,1,no,no,no,low,11.5,6.6,8,70.4,yes,4,low,14,10,10
AB,Other,14,Rural,Secondary,8251,3,1,yes,yes,yes,moderate,4.9,8.8,2,89.88,yes,1,medium,1,8,3
AB,Other,16,Rural,Secondary,16758,2,3,no,no,yes,low,1.6,9.2,3,60.32,no,4,low,16,18,13
AB,Other,14,Suburban,PhD,18116,3,3,no,no,no,low,1.3,6.8,4,90.9,yes,3,medium,11,10,6
AB,Female,17,Urban,PhD,15616,3,3,yes,no,yes,low,4.9,4.2,1,90.58,no,3,low,8,13,8
AB,Other,20,Urban,None,14390,2,1,yes,yes,no,moderate,3.7,6.2,1,88.8,yes,3,high,3,11,7
CD,Female,17,Urban,Primary,4661,3,0,yes,no,yes,low,4.1,6.8,3,80.26,yes,4,low,1,16,4
AB,Male,17,Urban,PhD,4794,4,3,no,yes,no,low,6.8,6.1,9,61.12,no,4,high,9,11,10
CD,Other,18,Suburban,Primary,3446,2,3,yes,no,no,low,4.5,5.0,5,82.43,yes,4,low,1,6,2
AB,Female,20,Rural,Higher,12661,3,0,no,no,no,moderate,8.4,6.4,5,77.76,no,2,low,10,4,7
AB,Other,18,Suburban,None,2018,4,1,yes,no,no,high,10.9,5.4,9,79.49,no,1,high,14,17,11
AB,Other,17,Suburban,PhD,15475,2,0,yes,no,no,moderate,2.7,9.5,1,83.73,yes,4,high,8,10,7
AB,Other,15,Rural,Higher,19500,3,3,yes,no,yes,low,1.2,4.6,10,61.05,no,3,low,0,10,4
CD,Female,15,Suburban,Higher,14695,2,0,no,yes,yes,moderate,7.9,8.6,8,88.6,yes,4,low,2,4,4
AB,Male,18,Suburban,Secondary,9323,3,2,no,yes,no,moderate,8.2,8.0,6,80.24,no,1,medium,6,16,14
AB,Other,18,Rural,None,3654,3,0,no,yes,no,low,9.5,9.2,8,86.56,no,2,high,4,2,2
CD,Male,16,Rural,None,15050,2,0,no,no,yes,high,4.5,4.8,9,77.75,no,2,low,2,18,6
AB,Male,15,Suburban,PhD,8648,4,2,no,yes,no,high,11.4,7.7,10,72.76,yes,1,low,1,18,7
CD,Male,19,Suburban,None,7067,3,0,no,yes,yes,low,3.2,8.6,8,87.74,no,3,low,17,0,9
CD,Other,16,Suburban,PhD,19940,3,3,yes,no,no,moderate,2.0,6.6,9,98.39,no,3,medium,12,3,9
CD,Female,19,Rural,None,15547,4,1,no,no,yes,high,5.6,9.3,8,94.44,yes,3,high,14,8,12
AB,Male,17,Urban,Higher,3149,1,0,yes,yes,yes,low,9.2,8.0,7,67.59,yes,4,medium,4,14,7
CD,Female,17,Rural,None,16562,3,3,yes,no,yes,moderate,2.2,7.6,7,68.39,yes,2,medium,20,19,17
AB,Male,18,Rural,Higher,5581,3,2,no,no,yes,high,2.6,4.3,1,92.99,yes,2,medium,7,7,8
CD,Female,14,Suburban,None,7993,3,3,yes,no,yes,low,7.7,8.6,2,79.32,yes,4,low,8,10,8
AB,Other,17,Rural,Primary,18977,1,0,yes,yes,no,moderate,10.2,5.2,3,79.33,no,4,high,0,12,4
AB,Other,14,Suburban,None,12658,4,3,yes,no,no,high,9.8,5.3,6,69.5,yes,2,medium,7,3,4
CD,Male,20,Rural,None,13861,3,2,no,yes,yes,low,4.7,9.2,8,87.14,yes,1,medium,13,5,10
AB,Female,17,Rural,Primary,11697,4,1,no,no,no,high,7.8,8.5,7,65.99,yes,3,medium,19,9,12
CD,Other,17,Suburban,Secondary,17571,3,2,no,yes,no,high,9.0,5.4,4,81.65,yes,2,high,8,17,10
AB,Female,15,Suburban,Secondary,8827,4,0,no,no,yes,low,10.0,9.3,8,63.54,yes,4,medium,19,3,13
CD,Male,20,Rural,Primary,15061,2,2,yes,yes,no,high,11.6,5.4,2,85.09,yes,4,high,8,1,2
CD,Male,17,Rural,PhD,13769,3,3,no,yes,no,high,5.0,5.2,9,94.08,no,1,high,9,1,10
AB,Other,17,Rural,None,19447,3,3,no,no,yes,low,1.2,7.2,7,65.48,no,4,medium,0,20,2
AB,Female,18,Suburban,None,17634,4,2,no,yes,no,low,7.7,6.7,6,62.08,no,3,low,8,7,2
CD,Other,17,Urban,None,4795,1,2,yes,yes,yes,moderate,10.7,4.0,9,79.04,no,3,high,14,4,10
AB,Male,20,Rural,Primary,17822,4,2,no,no,no,high,1.2,5.6,2,63.89,yes,3,low,11,10,10
CD,Male,14,Urban,None,9858,4,3,no,no,no,low,7.1,8.0,8,89.56,yes,3,high,4,8,4
CD,Male,16,Rural,Primary,9625,4,0,yes,no,yes,low,6.1,9.5,8,61.4,yes,3,high,4,11,5
AB,Male,14,Urban,Higher,4700,3,0,yes,no,yes,moderate,5.6,6.7,10,91.92,no,1,medium,9,1,5
CD,Male,19,Urban,None,19599,2,0,yes,no,yes,low,3.9,5.8,10,69.36,yes,2,low,0,3,2
AB,Female,17,Suburban,PhD,10112,3,2,yes,yes,yes,moderate,9.8,7.4,10,67.26,yes,2,low,12,5,7
CD,Female,15,Urban,PhD,10429,4,2,yes,yes,yes,low,2.7,8.0,1,90.06,no,3,high,8,2,3
CD,Male,15,Suburban,Higher,18614,4,2,no,no,no,low,9.3,6.3,5,65.06,no,1,medium,0,4,0
CD,Female,17,Urban,None,5992,4,0,yes,yes,yes,high,4.3,5.6,9,84.39,yes,4,high,6,10,5
CD,Male,14,Urban,Higher,8446,3,3,no,no,yes,moderate,7.3,4.2,4,78.62,yes,4,low,5,2,4
AB,Female,14,Rural,PhD,16078,4,2,yes,no,no,high,2.2,4.5,3,80.98,no,4,low,16,19,14
AB,Male,20,Urban,Primary,19610,1,1,yes,no,yes,low,4.9,9.6,4,84.29,yes,3,low,13,4,10
CD,Other,14,Urban,Higher,16032,1,3,no,no,yes,moderate,10.6,4.2,2,75.52,yes,1,high,6,16,13
CD,Male,14,Rural,Secondary,3998,1,2,yes,yes,yes,low,7.0,6.0,10,67.81,no,4,high,17,3,12
CD,Other,16,Rural,Secondary,18801,2,3,no,yes,no,high,8.2,8.4,10,87.44,no,2,high,10,14,10
AB,Other,20,Rural,PhD,5565,4,2,no,yes,yes,high,7.7,4.3,7,76.83,yes,3,low,16,3,9
AB,Male,15,Suburban,Secondary,14865,1,0,yes,no,no,moderate,3.6,8.0,2,68.17,yes,4,low,16,17,15
AB,Female,16,Rural,PhD,11784,2,2,no,yes,yes,moderate,7.9,5.1,10,74.52,no,1,high,1,19,6
AB,Female,20,Rural,PhD,16757,2,2,no,yes,yes,moderate,8.4,4.4,3,78.65,no,4,low,14,1,5
CD,Other,15,Urban,Secondary,8794,2,1,yes,no,yes,high,6.1,9.9,3,90.65,no,2,low,18,5,12
AB,Other,14,Rural,Secondary,17184,2,0,yes,no,no,moderate,4.3,7.3,9,63.42,yes,2,medium,12,19,16
CD,Other,16,Suburban,Higher,10554,4,2,yes,no,no,low,10.2,8.2,1,61.16,no,4,medium,6,8,6
AB,Male,18,Urban,Higher,19934,1,0,yes,yes,yes,moderate,5.4,6.8,4,91.68,no,4,medium,15,16,15
AB,Female,17,Rural,PhD,6977,4,1,yes,yes,yes,moderate,11.2,5.8,6,60.44,no,1,medium,9,9,7
CD,Other,14,Suburban,PhD,4590,1,3,yes,yes,yes,moderate,6.5,5.1,10,62.86,yes,2,low,18,6,12
AB,Other,19,Urban,Primary,19186,1,0,no,no,yes,high,2.8,7.2,5,97.11,no,3,medium,1,8,2
CD,Male,17,Suburban,PhD,10066,3,2,no,no,no,high,1.4,5.9,5,63.17,no,3,medium,1,16,6
AB,Male,20,Urban,PhD,14055,3,2,no,no,yes,moderate,9.1,7.9,6,99.53,yes,1,medium,7,16,9
AB,Other,18,Rural,None,14851,2,0,yes,yes,yes,moderate,6.0,9.7,5,88.1,yes,3,low,8,20,12
AB,Female,18,Rural,PhD,17055,4,1,yes,no,no,high,6.5,6.9,3,93.73,yes,2,high,9,15,6
CD,Male,18,Urban,None,18042,4,0,no,yes,yes,moderate,3.1,5.7,6,74.47,yes,4,low,3,2,6
CD,Male,20,Urban,None,11479,1,0,yes,yes,yes,moderate,5.4,8.7,5,83.27,yes,4,low,12,19,8
CD,Female,20,Rural,Primary,7383,1,2,yes,yes,no,moderate,6.0,8.6,9,63.14,yes,3,medium,14,11,11
AB,Male,15,Rural,None,12572,3,2,yes,yes,no,moderate,8.8,7.9,9,97.87,yes,1,medium,17,13,11
AB,Female,19,Suburban,Secondary,17812,2,1,yes,yes,no,low,5.8,5.1,8,79.02,no,1,medium,1,18,6
AB,Other,14,Rural,Primary,15351,1,3,yes,no,no,high,7.5,4.1,1,71.69,no,3,high,17,13,16
CD,Other,14,Rural,None,6997,3,1,yes,yes,yes,moderate,7.5,4.7,7,68.03,yes,1,medium,18,20,17
AB,Male,18,Suburban,Secondary,14511,2,0,no,yes,yes,high,4.9,5.8,1,68.1,no,3,high,2,11,4
CD,Male,14,Suburban,Secondary,6773,4,1,yes,yes,yes,low,7.3,7.3,5,70.04,yes,3,medium,13,3,13
AB,Female,16,Rural,Higher,12227,1,1,no,no,yes,high,4.9,8.4,5,84.18,no,1,medium,7,14,8
AB,Other,17,Rural,Higher,13876,3,0,yes,no,yes,moderate,1.1,6.3,3,71.68,no,2,low,4,8,8
CD,Other,18,Rural,Primary,15311,4,2,yes,no,no,low,9.2,8.2,6,87.32,yes,3,low,3,7,2
CD,Male,15,Rural,Primary,5110,2,0,no,yes,yes,low,3.3,5.8,7,66.38,yes,4,low,2,10,4
AB,Other,19,Urban,Primary,8018,2,3,yes,yes,no,low,8.7,4.0,9,89.35,yes,4,high,19,15,16
CD,Male,19,Urban,None,18914,1,0,yes,yes,yes,low,7.8,7.6,4,72.11,yes,2,high,19,12,15
CD,Female,15,Rural,PhD,16023,4,3,yes,yes,no,high,2.6,4.6,3,71.22,yes,3,high,9,5,6
AB,Other,17,Suburban,Primary,7836,3,0,yes,yes,yes,moderate,9.2,4.0,6,69.55,yes,2,medium,0,9,1
CD,Female,20,Rural,Secondary,7593,2,0,yes,no,yes,moderate,4.2,8.9,6,84.26,yes,1,medium,19,14,15
CD,Other,18,Suburban,None,4262,2,1,no,yes,no,moderate,7.0,5.6,1,66.82,no,2,low,4,3,5
AB,Female,14,Suburban,Primary,5770,2,0,yes,yes,no,moderate,11.7,6.9,2,82.53,yes,3,high,1,16,3
AB,Female,15,Rural,Primary,18547,4,2,yes,yes,yes,high,7.3,9.1,4,70.76,no,4,high,12,6,9
CD,Male,18,Urban,PhD,9504,2,1,no,no,no,high,4.1,7.2,8,83.34,yes,2,medium,14,16,13
CD,Female,20,Rural,PhD,18723,1,3,no,yes,yes,moderate,8.5,8.8,9,89.26,yes,2,low,14,12,14
CD,Male,19,Rural,Higher,6114,3,2,no,no,no,moderate,7.6,6.1,5,98.94,no,3,medium,20,16,17
CD,Female,14,Urban,Secondary,5859,2,3,yes,no,yes,high,5.9,4.9,10,76.06,yes,4,low,11,12,11
CD,Female,16,Suburban,Primary,9440,3,1,no,yes,no,low,5.1,9.5,5,78.08,no,1,low,1,3,0
AB,Female,16,Rural,Primary,11036,3,3,no,yes,yes,moderate,9.0,5.4,5,68.4,no,1,high,15,20,12
CD,Male,14,Rural,Primary,10499,2,0,no,no,yes,high,8.8,5.3,8,98.95,no,3,high,19,8,13
AB,Other,19,Rural,PhD,5802,1,3,yes,yes,no,low,11.0,9.5,10,60.15,yes,3,high,14,17,15
AB,Male,14,Suburban,None,9099,4,3,yes,no,no,high,11.0,9.0,2,93.85,no,1,low,11,17,12
CD,Male,20,Urban,Higher,3660,4,2,yes,no,yes,moderate,11.9,7.9,6,80.75,yes,1,low,12,16,12
AB,Female,17,Urban,Higher,14982,1,1,no,no,no,low,11.4,5.1,3,75.44,yes,4,high,5,0,3
CD,Female,16,Suburban,Higher,4805,1,1,yes,no,yes,moderate,11.8,7.6,2,83.84,no,4,high,15,5,10
CD,Female,20,Suburban,PhD,5120,4,2,no,yes,no,moderate,8.8,9.0,6,96.07,no,4,medium,5,16,5
AB,Female,19,Urban,PhD,10764,3,2,no,no,no,moderate,11.2,8.7,10,82.29,no,1,medium,2,6,2
CD,Male,14,Rural,PhD,7797,2,0,yes,no,yes,moderate,9.3,7.3,5,92.14,no,4,high,20,20,18
AB,Male,19,Suburban,None,3473,3,3,yes,yes,yes,moderate,10.1,8.6,1,69.84,yes,1,medium,2,13,4
CD,Female,15,Urban,Primary,16890,4,0,yes,yes,yes,low,1.1,6.8,4,97.08,no,4,medium,13,17,15
CD,Male,15,Urban,Secondary,2610,1,3,no,no,yes,low,7.1,6.0,4,83.59,yes,4,medium,20,11,15
CD,Male,16,Rural,Higher,8713,4,2,yes,yes,yes,high,8.2,7.6,9,94.62,yes,3,low,1,20,2
CD,Male,17,Rural,None,5221,4,0,yes,yes,yes,low,5.8,6.9,5,62.4,yes,1,low,20,16,18
CD,Other,17,Suburban,None,8896,4,2,no,no,yes,moderate,5.1,8.9,2,73.22,no,3,high,14,18,13
CD,Female,14,Urban,PhD,2289,2,2,no,yes,yes,moderate,8.4,7.1,7,80.61,no,4,high,9,16,10
CD,Male,19,Suburban,Primary,3142,2,2,yes,no,no,high,10.5,6.6,7,65.08,yes,3,medium,4,9,4
AB,Female,14,Urban,Higher,3750,3,1,yes,no,yes,moderate,8.1,9.0,3,63.78,no,2,high,17,6,12
AB,Male,20,Urban,None,6791,4,1,no,yes,yes,high,11.2,7.1,5,65.52,yes,3,low,3,6,3
CD,Male,14,Rural,PhD,17757,2,2,no,no,no,moderate,5.1,6.6,3,78.52,no,2,high,7,13,7
AB,Male,17,Rural,PhD,16602,2,0,yes,yes,yes,low,8.0,7.0,8,92.73,no,2,low,5,6,2
CD,Female,14,Suburban,Higher,10007,4,1,no,yes,yes,low,5.6,8.3,7,92.89,yes,3,medium,5,15,4
AB,Male,17,Urban,Higher,5977,1,1,no,yes,no,low,11.8,5.8,6,91.0,no,3,medium,16,12,13
CD,Female,17,Urban,PhD,13584,1,3,no,yes,no,moderate,3.9,8.1,6,92.2,no,3,low,3,6,2
CD,Female,20,Rural,PhD,13543,3,1,no,yes,yes,high,5.3,8.7,8,64.67,yes,1,high,8,15,13
CD,Female,14,Suburban,Primary,7909,2,3,yes,no,yes,high,7.3,9.5,6,74.61,yes,1,low,8,4,6
AB,Male,19,Suburban,Primary,9033,2,2,yes,yes,no,low,11.0,4.5,9,88.52,yes,3,medium,13,12,11
CD,Other,14,Urban,PhD,15643,1,0,yes,yes,yes,low,6.2,7.9,4,84.38,no,4,low,15,4,10
AB,Male,19,Rural,None,2932,1,1,yes,yes,yes,high,1.7,9.2,5,94.26,no,1,low,13,13,14
AB,Other,16,Urban,Secondary,5470,2,1,no,yes,no,moderate,1.8,5.2,2,87.93,no,2,medium,1,2,0
CD,Female,16,Rural,Primary,19639,4,0,yes,no,yes,low,8.0,4.4,10,82.55,no,1,low,3,7,3
AB,Female,14,Urban,Primary,14710,2,3,yes,no,no,high,11.6,6.0,6,90.4,yes,2,low,19,17,18
CD,Female,19,Rural,Secondary,13173,3,2,no,yes,yes,low,2.2,6.3,10,94.06,yes,4,low,11,8,9
CD,Female,14,Rural,None,6274,3,2,yes,no,yes,high,10.8,5.4,4,92.7,yes,1,low,11,6,8
CD,Male,14,Urban,Higher,15977,2,3,no,yes,no,high,6.4,9.6,6,83.73,yes,1,high,16,11,10
CD,Male,20,Suburban,PhD,14470,1,3,yes,yes,no,moderate,2.7,8.0,2,76.75,no,1,low,6,1,6
CD,Other,16,Suburban,PhD,6226,1,1,no,yes,yes,low,2.3,4.7,5,89.56,yes,2,high,2,18,9
CD,Female,16,Rural,PhD,3739,1,1,no,no,yes,low,10.2,8.1,1,91.63,no,1,medium,6,0,1
AB,Male,16,Suburban,Primary,3587,3,2,yes,yes,no,moderate,11.4,5.7,1,97.45,no,3,low,10,7,9
CD,Female,16,Rural,Primary,16875,3,3,yes,yes,no,low,11.5,7.2,10,95.58,no,4,high,0,9,0
AB,Male,18,Urban,Primary,5831,4,1,no,no,no,low,9.3,8.7,5,67.23,no,4,low,9,13,11
AB,Female,17,Urban,Secondary,17982,1,1,yes,yes,no,moderate,10.4,8.1,9,81.9,yes,4,low,6,5,8
CD,Female,17,Rural,Higher,12134,1,1,no,yes,no,high,10.9,7.5,5,67.59,no,1,medium,11,6,8
AB,Other,20,Suburban,None,13776,3,3,no,yes,yes,high,1.1,4.7,1,74.11,no,1,medium,19,2,11
CD,Female,17,Suburban,Primary,13070,1,0,yes,no,yes,moderate,4.3,9.9,4,61.71,no,3,low,16,7,11
CD,Male,14,Urban,Secondary,13772,4,0,yes,no,yes,moderate,4.6,7.7,10,83.83,no,1,high,17,7,13
CD,Female,14,Suburban,Secondary,11912,3,3,yes,yes,yes,high,1.7,8.6,2,78.31,yes,1,high,19,2,13
CD,Female,17,Rural,Higher,15509,1,0,yes,no,yes,moderate,5.0,6.2,4,99.17,yes,1,medium,14,9,13
AB,Female,16,Rural,Secondary,19384,1,1,no,yes,yes,high,4.4,9.2,2,70.86,yes,3,low,4,13,4
AB,Female,19,Suburban,Primary,10093,4,0,no,no,yes,moderate,6.4,5.4,4,73.6,yes,3,medium,9,19,11
AB,Other,18,Rural,PhD,11791,1,1,yes,yes,no,high,2.0,4.6,4,87.16,no,4,low,16,1,8
CD,Other,15,Rural,Primary,19335,4,3,no,yes,yes,high,9.8,9.5,4,68.36,yes,3,low,6,10,9
CD,Other,19,Rural,None,14253,2,3,no,yes,yes,low,6.9,9.7,8,99.64,yes,3,medium,20,16,16
CD,Male,15,Suburban,PhD,15547,4,1,yes,yes,yes,low,2.9,4.3,5,82.25,no,3,low,4,13,6
AB,Other,16,Suburban,None,3707,2,1,yes,no,yes,moderate,4.3,5.6,6,93.67,yes,2,medium,19,20,20
CD,Other,16,Suburban,None,16017,3,3,no,yes,no,high,10.5,6.5,8,75.94,yes,1,low,4,14,7
AB,Male,18,Suburban,Primary,15050,4,1,no,no,no,high,7.8,4.4,10,81.34,yes,2,high,15,6,12
CD,Other,16,Suburban,None,4413,2,3,yes,yes,yes,low,2.6,7.0,1,62.44,no,4,medium,12,2,7
CD,Male,20,Urban,Higher,16119,2,3,no,no,no,high,3.5,9.6,7,80.59,no,2,high,18,10,11
CD,Female,14,Urban,Secondary,4625,1,3,yes,no,yes,moderate,7.1,8.5,9,81.74,yes,2,medium,19,8,13
CD,Female,15,Suburban,Secondary,18979,4,0,no,yes,no,low,7.5,5.4,3,94.64,yes,3,low,17,1,9
CD,Female,17,Urban,Primary,9935,1,2,yes,yes,yes,high,7.0,6.0,2,96.38,no,3,medium,10,6,8
CD,Other,16,Suburban,PhD,6173,4,1,yes,yes,no,low,8.8,7.5,4,65.09,no,3,high,9,16,10
CD,Male,14,Suburban,PhD,19217,1,0,yes,yes,yes,high,7.2,9.0,4,88.91,yes,2,high,13,4,7
CD,Female,17,Rural,Primary,19690,4,1,no,no,no,high,9.1,7.9,5,66.25,no,1,low,11,4,6
AB,Male,18,Rural,Primary,6086,4,1,yes,no,no,high,6.2,7.5,3,76.26,yes,2,low,4,5,2
CD,Other,19,Suburban,Secondary,13952,1,0,yes,yes,yes,high,6.2,5.8,4,64.75,no,2,medium,6,3,4
AB,Female,18,Suburban,Secondary,10400,3,3,yes,no,no,moderate,7.5,9.8,4,83.31,yes,4,high,10,1,6
AB,Male,20,Rural,Secondary,7203,3,3,yes,no,yes,moderate,4.8,8.1,10,72.76,no,3,medium,14,20,18
CD,Female,18,Rural,Secondary,15617,4,3,no,yes,yes,moderate,6.0,8.1,2,96.81,no,3,medium,20,14,14
AB,Other,19,Rural,Secondary,3158,2,2,no,yes,yes,low,5.1,9.6,9,78.17,no,4,low,14,11,12
AB,Female,17,Suburban,Secondary,3976,4,1,no,yes,yes,high,7.8,5.9,6,80.32,yes,4,low,5,8,5
AB,Female,15,Suburban,PhD,13353,2,2,no,yes,yes,moderate,9.3,6.8,1,67.66,yes,1,medium,13,15,10
AB,Female,14,Rural,Secondary,4445,3,1,yes,no,no,high,10.9,9.5,8,79.4,no,4,low,3,5,3
AB,Male,16,Urban,PhD,15281,3,1,yes,yes,yes,moderate,2.5,9.8,1,70.59,yes,2,low,12,15,6
CD,Female,19,Urban,Primary,5564,2,0,no,no,yes,low,2.2,7.7,1,67.86,yes,3,low,0,1,0
CD,Male,18,Urban,Secondary,13595,1,1,no,yes,yes,low,6.3,7.7,7,81.47,no,3,high,7,17,10
CD,Male,18,Urban,Higher,6917,2,3,no,yes,no,moderate,7.8,5.8,10,98.67,yes,1,low,16,17,17
AB,Female,17,Rural,Primary,19426,4,3,no,yes,no,moderate,7.3,6.5,2,88.01,no,4,high,4,5,3
CD,Female,18,Urban,PhD,14651,3,0,no,no,no,low,9.7,6.8,5,66.5,yes,4,low,1,4,3
CD,Female,19,Suburban,Secondary,15930,1,3,yes,yes,no,moderate,11.6,9.1,4,88.74,no,3,medium,9,15,4
CD,Other,17,Urban,Higher,14390,2,1,yes,no,yes,high,7.3,9.1,5,95.44,no,3,high,5,8,1
AB,Male,17,Urban,Primary,10147,1,1,yes,yes,yes,high,3.1,5.9,6,84.93,no,1,medium,20,8,14
AB,Female,16,Rural,Primary,6740,2,2,yes,no,no,high,4.2,5.7,7,63.81,yes,1,low,6,11,8
CD,Other,17,Rural,Primary,8644,3,3,no,no,yes,low,5.6,6.5,10,99.94,no,1,low,16,4,8
CD,Female,16,Rural,Higher,8570,4,2,yes,yes,yes,moderate,7.3,5.7,3,76.31,yes,2,high,13,6,11
AB,Male,20,Suburban,Secondary,12922,3,3,yes,no,no,high,10.8,6.5,1,93.72,no,2,low,14,0,8
CD,Female,18,Rural,Primary,13605,2,3,yes,no,yes,moderate,4.5,5.5,3,62.55,no,3,medium,4,14,9
AB,Female,17,Rural,None,19290,3,1,yes,yes,yes,high,11.9,9.2,10,91.79,no,1,low,7,4,7
CD,Male,18,Rural,PhD,4102,3,0,yes,yes,no,high,7.8,7.6,3,93.45,yes,3,high,19,8,15
CD,Other,15,Urban,None,17497,2,3,yes,yes,no,low,4.9,9.4,10,63.48,yes,1,medium,15,8,11
CD,Female,15,Rural,Higher,7135,2,1,no,no,yes,moderate,9.8,9.9,9,60.2,no,3,high,14,16,13
AB,Other,17,Suburban,Secondary,3129,3,3,yes,yes,no,high,7.0,9.4,2,76.64,yes,2,high,4,20,11
CD,Female,15,Urban,None,9684,3,0,yes,no,yes,high,5.5,8.0,5,99.86,yes,4,high,18,17,19
CD,Female,15,Rural,Secondary,12352,4,1,no,no,no,low,11.4,7.1,9,96.99,no,2,high,11,2,10
AB,Other,15,Urban,Higher,5779,3,3,yes,no,yes,low,2.3,5.2,10,97.76,no,2,low,17,7,8
CD,Female,20,Rural,PhD,4390,2,0,no,yes,no,high,10.4,9.7,2,77.27,no,1,high,11,12,5
AB,Female,15,Urban,Higher,17984,4,2,no,no,yes,moderate,5.3,9.1,6,99.75,no,1,high,12,10,8
CD,Other,16,Suburban,Secondary,16798,4,2,no,yes,yes,high,10.6,8.3,10,98.72,yes,4,high,13,10,11
AB,Other,15,Rural,Primary,17812,3,3,no,no,no,moderate,5.4,5.0,5,68.25,no,2,low,18,1,14
CD,Other,14,Rural,Secondary,7614,3,1,no,no,yes,moderate,3.3,5.6,6,88.35,no,4,high,13,14,9
AB,Male,15,Suburban,None,17026,3,0,yes,yes,yes,low,3.6,8.0,4,87.41,yes,1,medium,14,20,13
CD,Male,19,Suburban,Primary,18322,1,3,yes,no,yes,moderate,2.6,5.2,5,96.59,no,1,low,12,8,8
AB,Male,16,Urban,Secondary,16710,4,3,no,yes,no,high,11.0,4.1,6,77.31,no,1,low,3,2,4
CD,Other,16,Urban,Primary,12285,2,0,no,no,yes,moderate,6.5,5.2,1,95.97,no,4,low,9,10,9
CD,Other,14,Urban,Primary,18467,3,2,no,yes,no,moderate,6.0,6.2,7,79.03,no,3,medium,4,4,1
AB,Other,17,Suburban,Primary,17274,4,3,no,yes,no,high,1.1,5.2,9,94.53,yes,2,high,4,3,5
CD,Male,15,Urban,None,11344,1,0,yes,no,no,high,5.5,4.8,1,88.47,yes,3,high,17,5,11
AB,Male,16,Suburban,PhD,15909,1,0,no,no,yes,low,6.6,8.7,4,86.19,yes,3,high,11,3,6
AB,Male,15,Urban,Higher,3782,1,3,no,yes,no,low,5.5,7.7,3,96.87,no,3,high,17,12,12
CD,Male,18,Suburban,None,8846,1,0,yes,no,yes,low,4.2,6.9,10,83.72,no,1,high,20,18,12
CD,Other,18,Suburban,Primary,7159,3,0,no,yes,yes,high,6.1,5.6,4,68.94,no,2,low,1,1,3
AB,Female,19,Suburban,PhD,18836,4,1,yes,yes,no,high,1.9,5.4,7,74.76,no,4,high,17,7,13
CD,Male,14,Suburban,PhD,9300,2,1,yes,no,yes,moderate,4.7,9.1,2,91.94,yes,3,high,7,18,8
CD,Female,17,Urban,PhD,13960,1,2,no,no,no,low,2.0,9.2,3,83.66,yes,4,medium,20,10,11
AB,Male,17,Suburban,None,15803,2,0,no,no,no,low,11.5,9.8,10,75.36,yes,1,medium,11,0,9
AB,Male,18,Suburban,None,7825,4,2,no,no,yes,low,2.9,6.9,10,61.35,no,1,medium,2,2,2
CD,Male,18,Urban,Primary,4225,2,0,yes,no,no,high,11.4,4.1,3,61.97,yes,2,medium,14,0,7
CD,Other,19,Rural,Higher,3006,1,2,yes,no,no,moderate,2.4,4.0,7,92.11,no,1,high,2,5,5
AB,Other,19,Suburban,Higher,9663,2,3,yes,yes,no,low,10.7,6.9,9,86.75,yes,4,low,19,10,18
AB,Male,15,Urban,Higher,8829,3,3,no,no,no,moderate,5.8,5.2,10,88.88,no,2,high,13,17,14
AB,Other,16,Rural,Primary,9775,2,1,no,no,no,high,2.7,8.3,10,98.35,no,3,medium,6,19,13
CD,Other,14,Urban,PhD,8600,3,2,yes,yes,yes,low,1.1,4.7,10,86.53,yes,4,medium,6,12,7
AB,Other,15,Urban,None,15183,4,1,yes,yes,no,low,2.1,6.4,6,95.98,yes,1,low,19,0,15
AB,Female,16,Urban,Primary,8147,3,2,no,no,yes,high,6.7,4.1,4,93.31,no,1,medium,19,10,12
AB,Other,16,Rural,PhD,18619,2,0,yes,no,yes,high,11.2,8.8,5,90.58,no,4,low,10,17,6
CD,Female,18,Rural,Primary,11152,3,0,no,yes,yes,low,7.6,6.9,4,71.43,no,3,high,18,0,9
CD,Male,20,Urban,PhD,9333,2,0,no,yes,no,high,11.0,7.2,8,79.66,yes,3,high,0,17,2
CD,Other,17,Rural,Higher,16854,4,0,yes,yes,yes,moderate,5.3,8.9,3,94.88,no,3,low,12,7,8
CD,Male,15,Suburban,PhD,13255,4,2,no,yes,yes,low,5.3,5.3,1,84.61,no,4,high,10,20,11
AB,Other,18,Rural,None,9790,4,0,yes,yes,yes,high,5.4,9.2,9,68.74,yes,1,low,9,19,10
CD,Female,14,Urban,None,19792,4,2,yes,yes,no,moderate,10.3,6.3,9,69.68,yes,4,high,11,17,11
CD,Male,17,Suburban,Secondary,8085,3,2,yes,no,no,moderate,5.8,9.1,3,97.9,no,2,low,17,14,14
AB,Other,20,Rural,Secondary,4131,1,1,no,no,no,low,9.8,9.0,3,66.61,no,4,high,4,3,3
CD,Other,18,Rural,Primary,14705,4,2,no,yes,no,high,5.9,4.6,3,95.22,no,1,medium,15,14,15
CD,Male,18,Suburban,PhD,3448,4,3,yes,yes,no,low,3.0,6.1,8,94.72,no,1,low,20,5,12
CD,Female,16,Suburban,Secondary,17305,3,1,no,yes,yes,moderate,3.0,4.3,4,65.39,no,2,high,4,5,5
CD,Female,20,Suburban,Higher,4958,1,2,no,no,yes,high,2.3,7.7,8,71.95,no,1,high,6,16,9
AB,Other,19,Rural,Secondary,4965,2,2,yes,no,yes,moderate,8.1,8.8,1,78.21,no,4,medium,7,19,12
CD,Other,17,Urban,Higher,13743,4,1,yes,yes,no,high,1.6,9.8,10,78.4,yes,1,low,5,12,8
CD,Other,14,Rural,Higher,13868,3,0,no,yes,no,low,3.7,4.6,8,67.3,yes,3,low,14,12,11
AB,Male,15,Urban,Higher,5114,4,2,no,yes,yes,low,8.1,5.0,10,95.52,no,2,medium,14,19,12
AB,Female,19,Urban,PhD,2378,2,0,yes,yes,no,moderate,6.1,4.9,2,61.6,yes,3,high,20,13,14
CD,Female,20,Rural,Higher,7124,2,1,no,no,no,low,11.3,7.6,8,64.29,no,3,high,20,19,19
AB,Male,14,Urban,PhD,14244,2,0,no,no,no,low,3.0,10.0,10,95.59,no,2,high,3,2,0
AB,Female,16,Suburban,PhD,6269,2,3,no,no,no,moderate,11.8,4.7,4,98.99,no,4,low,3,18,4
AB,Other,15,Suburban,None,15710,3,2,yes,yes,yes,high,6.5,5.5,7,91.9,yes,2,low,20,11,16
AB,Female,19,Suburban,Primary,14097,4,3,yes,no,yes,high,7.7,4.7,6,73.61,no,4,low,20,6,14
CD,Female,15,Urban,None,2981,4,3,yes,no,no,low,8.1,4.5,4,74.62,yes,1,medium,5,1,1
CD,Male,14,Suburban,Higher,5814,2,2,no,no,no,low,10.4,9.4,4,75.78,no,4,high,13,1,7
CD,Female,19,Rural,Secondary,11388,4,3,no,no,yes,high,1.3,7.0,3,94.26,yes,2,medium,10,14,8
AB,Male,16,Urban,None,8316,3,3,yes,no,yes,low,7.9,8.8,7,74.03,no,2,high,2,11,6
AB,Other,18,Urban,Secondary,10769,2,3,yes,no,no,moderate,5.8,4.3,10,78.29,yes,2,medium,19,0,13
AB,Male,20,Urban,Primary,8289,3,1,no,no,no,low,11.3,5.9,3,77.28,no,2,medium,18,0,11
AB,Female,19,Rural,PhD,6090,4,0,no,no,no,high,11.6,4.5,9,90.56,yes,4,high,19,3,12
AB,Other,15,Urban,None,6585,2,0,yes,no,no,low,9.6,5.9,8,85.83,yes,3,low,19,16,16
AB,Other,20,Rural,Secondary,16756,3,1,yes,yes,no,low,11.3,10.0,8,71.34,yes,1,medium,20,18,18
CD,Other,15,Rural,Primary,6885,2,1,no,yes,no,moderate,4.5,5.0,2,78.81,yes,2,low,5,6,5
AB,Male,16,Rural,PhD,3755,1,1,no,no,no,moderate,5.9,7.9,2,68.95,no,2,low,11,2,7
CD,Other,20,Urban,Primary,13376,4,1,yes,yes,yes,high,2.6,7.1,10,66.49,no,3,high,2,12,6
AB,Other,16,Suburban,Higher,9251,3,0,yes,yes,yes,low,5.2,5.6,6,83.07,no,2,high,11,18,13
AB,Other,14,Suburban,Secondary,2811,2,0,no,yes,yes,moderate,6.8,9.1,9,72.65,no,4,medium,5,2,5
AB,Other,14,Urban,Secondary,12597,3,0,yes,no,no,low,6.6,6.2,4,98.67,yes,2,high,9,13,8
CD,Male,20,Rural,PhD,6995,1,0,no,no,yes,high,7.2,9.1,3,94.88,no,1,low,0,9,3
AB,Other,20,Rural,PhD,12149,3,0,no,yes,no,moderate,3.5,7.5,2,60.76,no,1,medium,15,15,13
AB,Male,14,Urban,Secondary,16945,2,1,yes,yes,no,low,2.5,9.6,4,79.07,yes,3,high,9,20,11
CD,Male,18,Urban,Higher,4773,4,3,no,yes,yes,moderate,11.4,6.7,10,66.85,yes,3,low,5,10,11
CD,Female,17,Urban,None,14137,1,0,yes,yes,no,moderate,4.3,8.1,5,91.93,yes,1,low,8,15,9
AB,Female,15,Suburban,Higher,15223,2,2,yes,no,yes,low,3.7,5.8,6,95.28,no,4,low,1,4,2
CD,Male,17,Urban,Higher,16898,4,3,no,yes,no,moderate,3.6,6.5,3,97.49,no,4,low,18,17,14
AB,Other,16,Suburban,Higher,14687,4,3,yes,no,no,high,8.3,8.8,6,60.25,no,4,low,8,1,7
CD,Male,20,Rural,PhD,6020,4,2,yes,yes,no,high,11.9,6.5,6,88.01,no,2,medium,1,11,4
AB,Male,17,Urban,Secondary,17523,2,1,no,no,no,high,8.1,5.1,6,92.4,yes,3,medium,16,17,14
CD,Female,19,Urban,Primary,17658,2,2,yes,no,yes,moderate,3.4,6.2,8,64.77,yes,3,high,17,5,10
AB,Other,19,Rural,Primary,16021,4,3,no,yes,no,high,11.9,7.7,10,80.56,yes,1,high,13,2,8
CD,Male,16,Urban,Primary,3910,3,3,no,yes,yes,moderate,10.7,4.5,1,73.07,no,3,low,4,4,4
AB,Male,18,Suburban,None,19742,2,0,yes,yes,yes,low,6.7,8.2,1,72.85,yes,4,medium,1,15,2
CD,Female,15,Urban,None,8057,2,2,no,yes,yes,low,5.6,8.7,2,63.0,no,1,medium,17,8,10
CD,Male,17,Urban,None,16782,3,3,yes,yes,yes,moderate,5.4,8.5,6,75.51,yes,3,low,2,14,4
CD,Other,15,Rural,PhD,13729,2,1,no,no,no,high,7.5,8.8,6,88.56,no,1,medium,19,3,13
CD,Other,20,Rural,None,14991,2,2,no,yes,yes,high,1.1,6.6,8,70.69,yes,1,high,2,9,2
CD,Other,19,Suburban,Secondary,13165,1,0,no,yes,no,low,7.3,7.6,1,78.8,yes,1,low,19,9,10
CD,Other,17,Urban,Secondary,8736,3,3,no,yes,yes,low,1.8,9.5,10,82.02,yes,1,medium,20,12,18
AB,Other,18,Rural,PhD,18807,4,1,no,no,no,moderate,2.4,5.5,5,97.56,yes,3,low,6,0,0
CD,Other,15,Rural,Primary,18445,3,3,yes,no,no,moderate,3.6,7.2,7,99.21,yes,4,medium,12,16,12
CD,Female,16,Urban,Higher,7870,1,2,no,yes,no,low,6.0,7.1,2,62.74,no,4,high,3,17,5
CD,Other,16,Suburban,None,10241,2,0,no,no,no,low,7.8,7.0,1,75.98,no,1,high,14,11,12
AB,Other,15,Urban,PhD,13621,1,1,yes,yes,yes,moderate,1.2,5.8,2,79.73,no,3,high,4,7,6
CD,Other,16,Rural,None,7855,4,1,no,no,yes,high,2.9,8.6,8,95.28,no,3,medium,18,10,14
AB,Female,14,Suburban,None,6466,2,2,yes,yes,yes,moderate,4.4,4.2,1,90.1,yes,4,high,16,20,20
CD,Female,17,Urban,PhD,16475,2,3,no,yes,yes,moderate,8.8,8.6,3,97.45,no,4,high,6,8,7
CD,Male,20,Urban,Higher,14650,2,1,no,no,yes,low,5.2,8.0,10,97.34,no,2,medium,15,18,11
AB,Female,14,Urban,PhD,12501,3,1,yes,yes,no,low,3.8,6.7,1,65.79,yes,3,high,18,2,9
CD,Male,15,Suburban,None,9933,4,2,no,no,no,high,9.7,8.7,7,75.73,no,4,medium,20,7,12
CD,Male,14,Suburban,Higher,18318,4,3,no,no,yes,high,7.4,8.8,3,67.43,no,3,high,14,7,12
CD,Other,18,Rural,Secondary,16498,1,3,yes,no,yes,high,6.6,8.6,5,76.54,no,3,medium,4,18,8
AB,Female,14,Rural,Secondary,12068,4,2,yes,no,no,moderate,5.4,5.2,2,88.92,yes,2,high,9,18,10
AB,Other,20,Urban,PhD,11153,4,1,no,no,yes,moderate,5.8,5.9,3,96.48,no,3,low,0,15,2
AB,Other,16,Rural,PhD,7440,3,3,no,no,yes,moderate,11.5,7.6,1,77.98,no,4,high,1,18,4
AB,Other,17,Suburban,Secondary,16834,4,2,yes,no,yes,moderate,5.6,7.9,3,82.66,no,3,low,17,6,10
